nama_bidang_urusan,kode_bidang_urusan,nama_skpd,kode_sub_skpd,nama_sub_skpd,nama_program,nama_giat,kode_sub_giat,nama_sub_giat,kode_akun,nama_akun,total_rincian,bulan_1,bulan_2,bulan_3,bulan_4,bulan_5,bulan_6,bulan_7,bulan_8,bulan_9,bulan_10,bulan_11,bulan_12,total_akb,selisih,action
7.01 KECAMATAN,7.01,29.01 Sekretariat Kecamatan Ciomas,7.01.0.00.0.00.29.01,Sekretariat Kecamatan Ciomas,7.01.01 PROGRAM PENUNJANG URUSAN PEMERINTAHAN DAERAH KABUPATEN/KOTA,"7.01.01.2.01 Perencanaan, Penganggaran, dan Evaluasi Kinerja Perangkat Daerah",7.01.01.2.01.01,7.01.01.2.01.01 Penyusunan Dokumen Perencanaan Perangkat Daerah,5.1.02.01.01.0024 Belanja Alat/Bahan untuk Kegiatan Kantor-Alat Tulis Kantor,5.1.02.01.01.0024,2128350,0,0,2128350,0,0,0,0,0,0,0,0,0,2128350,0,
7.01 KECAMATAN,7.01,29.01 Sekretariat Kecamatan Ciomas,7.01.0.00.0.00.29.01,Sekretariat Kecamatan Ciomas,7.01.01 PROGRAM PENUNJANG URUSAN PEMERINTAHAN DAERAH KABUPATEN/KOTA,"7.01.01.2.01 Perencanaan, Penganggaran, dan Evaluasi Kinerja Perangkat Daerah",7.01.01.2.01.01,7.01.01.2.01.01 Penyusunan Dokumen Perencanaan Perangkat Daerah,5.1.02.01.01.0026 Belanja Alat/Bahan untuk Kegiatan Kantor- Bahan Cetak,5.1.02.01.01.0026,540000,0,0,540000,0,0,0,0,0,0,0,0,0,540000,0,
7.01 KECAMATAN,7.01,29.01 Sekretariat Kecamatan Ciomas,7.01.0.00.0.00.29.01,Sekretariat Kecamatan Ciomas,7.01.01 PROGRAM PENUNJANG URUSAN PEMERINTAHAN DAERAH KABUPATEN/KOTA,"7.01.01.2.01 Perencanaan, Penganggaran, dan Evaluasi Kinerja Perangkat Daerah",7.01.01.2.01.01,7.01.01.2.01.01 Penyusunan Dokumen Perencanaan Perangkat Daerah,5.1.02.01.01.0052 Belanja Makanan dan Minuman Rapat,5.1.02.01.01.0052,9800000,1000000,1000000,2000000,2000000,0,0,2000000,0,0,1800000,0,0,9800000,0,
7.01 KECAMATAN,7.01,29.01 Sekretariat Kecamatan Ciomas,7.01.0.00.0.00.29.01,Sekretariat Kecamatan Ciomas,7.01.01 PROGRAM PENUNJANG URUSAN PEMERINTAHAN DAERAH KABUPATEN/KOTA,"7.01.01.2.01 Perencanaan, Penganggaran, dan Evaluasi Kinerja Perangkat Daerah",7.01.01.2.01.01,7.01.01.2.01.01 Penyusunan Dokumen Perencanaan Perangkat Daerah,5.1.02.04.01.0003 Belanja Perjalanan Dinas Dalam Kota,5.1.02.04.01.0003,2525000,450000,450000,0,900000,450000,0,110000,0,0,165000,0,0,2525000,0,
7.01 KECAMATAN,7.01,29.01 Sekretariat Kecamatan Ciomas,7.01.0.00.0.00.29.01,Sekretariat Kecamatan Ciomas,7.01.01 PROGRAM PENUNJANG URUSAN PEMERINTAHAN DAERAH KABUPATEN/KOTA,"7.01.01.2.01 Perencanaan, Penganggaran, dan Evaluasi Kinerja Perangkat Daerah",7.01.01.2.01.02,7.01.01.2.01.02 Koordinasi dan Penyusunan Dokumen RKA-SKPD,5.1.02.01.01.0024 Belanja Alat/Bahan untuk Kegiatan Kantor-Alat Tulis Kantor,5.1.02.01.01.0024,917200,917200,0,0,0,0,0,0,0,0,0,0,0,917200,0,
7.01 KECAMATAN,7.01,29.01 Sekretariat Kecamatan Ciomas,7.01.0.00.0.00.29.01,Sekretariat Kecamatan Ciomas,7.01.01 PROGRAM PENUNJANG URUSAN PEMERINTAHAN DAERAH KABUPATEN/KOTA,"7.01.01.2.01 Perencanaan, Penganggaran, dan Evaluasi Kinerja Perangkat Daerah",7.01.01.2.01.02,7.01.01.2.01.02 Koordinasi dan Penyusunan Dokumen RKA-SKPD,5.1.02.01.01.0026 Belanja Alat/Bahan untuk Kegiatan Kantor- Bahan Cetak,5.1.02.01.01.0026,4114800,4114800,0,0,0,0,0,0,0,0,0,0,0,4114800,0,
7.01 KECAMATAN,7.01,29.01 Sekretariat Kecamatan Ciomas,7.01.0.00.0.00.29.01,Sekretariat Kecamatan Ciomas,7.01.01 PROGRAM PENUNJANG URUSAN PEMERINTAHAN DAERAH KABUPATEN/KOTA,"7.01.01.2.01 Perencanaan, Penganggaran, dan Evaluasi Kinerja Perangkat Daerah",7.01.01.2.01.02,7.01.01.2.01.02 Koordinasi dan Penyusunan Dokumen RKA-SKPD,5.1.02.01.01.0052 Belanja Makanan dan Minuman Rapat,5.1.02.01.01.0052,5000000,5000000,0,0,0,0,0,0,0,0,0,0,0,5000000,0,
7.01 KECAMATAN,7.01,29.01 Sekretariat Kecamatan Ciomas,7.01.0.00.0.00.29.01,Sekretariat Kecamatan Ciomas,7.01.01 PROGRAM PENUNJANG URUSAN PEMERINTAHAN DAERAH KABUPATEN/KOTA,"7.01.01.2.01 Perencanaan, Penganggaran, dan Evaluasi Kinerja Perangkat Daerah",7.01.01.2.01.03,7.01.01.2.01.03 Koordinasi dan Penyusunan Dokumen Perubahan RKA-SKPD,5.1.02.01.01.0024 Belanja Alat/Bahan untuk Kegiatan Kantor-Alat Tulis Kantor,5.1.02.01.01.0024,751550,0,0,0,0,0,0,0,751550,0,0,0,0,751550,0,
7.01 KECAMATAN,7.01,29.01 Sekretariat Kecamatan Ciomas,7.01.0.00.0.00.29.01,Sekretariat Kecamatan Ciomas,7.01.01 PROGRAM PENUNJANG URUSAN PEMERINTAHAN DAERAH KABUPATEN/KOTA,"7.01.01.2.01 Perencanaan, Penganggaran, dan Evaluasi Kinerja Perangkat Daerah",7.01.01.2.01.03,7.01.01.2.01.03 Koordinasi dan Penyusunan Dokumen Perubahan RKA-SKPD,5.1.02.01.01.0026 Belanja Alat/Bahan untuk Kegiatan Kantor- Bahan Cetak,5.1.02.01.01.0026,650000,0,0,0,0,0,0,0,650000,0,0,0,0,650000,0,
7.01 KECAMATAN,7.01,29.01 Sekretariat Kecamatan Ciomas,7.01.0.00.0.00.29.01,Sekretariat Kecamatan Ciomas,7.01.01 PROGRAM PENUNJANG URUSAN PEMERINTAHAN DAERAH KABUPATEN/KOTA,"7.01.01.2.01 Perencanaan, Penganggaran, dan Evaluasi Kinerja Perangkat Daerah",7.01.01.2.01.03,7.01.01.2.01.03 Koordinasi dan Penyusunan Dokumen Perubahan RKA-SKPD,5.1.02.01.01.0052 Belanja Makanan dan Minuman Rapat,5.1.02.01.01.0052,4000000,0,0,0,0,0,0,0,4000000,0,0,0,0,4000000,0,
7.01 KECAMATAN,7.01,29.01 Sekretariat Kecamatan Ciomas,7.01.0.00.0.00.29.01,Sekretariat Kecamatan Ciomas,7.01.01 PROGRAM PENUNJANG URUSAN PEMERINTAHAN DAERAH KABUPATEN/KOTA,"7.01.01.2.01 Perencanaan, Penganggaran, dan Evaluasi Kinerja Perangkat Daerah",7.01.01.2.01.03,7.01.01.2.01.03 Koordinasi dan Penyusunan Dokumen Perubahan RKA-SKPD,5.1.02.04.01.0003 Belanja Perjalanan Dinas Dalam Kota,5.1.02.04.01.0003,4850000,0,0,0,0,0,0,0,4850000,0,0,0,0,4850000,0,
7.01 KECAMATAN,7.01,29.01 Sekretariat Kecamatan Ciomas,7.01.0.00.0.00.29.01,Sekretariat Kecamatan Ciomas,7.01.01 PROGRAM PENUNJANG URUSAN PEMERINTAHAN DAERAH KABUPATEN/KOTA,"7.01.01.2.01 Perencanaan, Penganggaran, dan Evaluasi Kinerja Perangkat Daerah",7.01.01.2.01.04,7.01.01.2.01.04 Koordinasi dan Penyusunan DPA-SKPD,5.1.02.01.01.0024 Belanja Alat/Bahan untuk Kegiatan Kantor-Alat Tulis Kantor,5.1.02.01.01.0024,768500,0,768500,0,0,0,0,0,0,0,0,0,0,768500,0,
7.01 KECAMATAN,7.01,29.01 Sekretariat Kecamatan Ciomas,7.01.0.00.0.00.29.01,Sekretariat Kecamatan Ciomas,7.01.01 PROGRAM PENUNJANG URUSAN PEMERINTAHAN DAERAH KABUPATEN/KOTA,"7.01.01.2.01 Perencanaan, Penganggaran, dan Evaluasi Kinerja Perangkat Daerah",7.01.01.2.01.04,7.01.01.2.01.04 Koordinasi dan Penyusunan DPA-SKPD,5.1.02.01.01.0026 Belanja Alat/Bahan untuk Kegiatan Kantor- Bahan Cetak,5.1.02.01.01.0026,650000,0,650000,0,0,0,0,0,0,0,0,0,0,650000,0,
7.01 KECAMATAN,7.01,29.01 Sekretariat Kecamatan Ciomas,7.01.0.00.0.00.29.01,Sekretariat Kecamatan Ciomas,7.01.01 PROGRAM PENUNJANG URUSAN PEMERINTAHAN DAERAH KABUPATEN/KOTA,"7.01.01.2.01 Perencanaan, Penganggaran, dan Evaluasi Kinerja Perangkat Daerah",7.01.01.2.01.04,7.01.01.2.01.04 Koordinasi dan Penyusunan DPA-SKPD,5.1.02.01.01.0052 Belanja Makanan dan Minuman Rapat,5.1.02.01.01.0052,4000000,0,4000000,0,0,0,0,0,0,0,0,0,0,4000000,0,
7.01 KECAMATAN,7.01,29.01 Sekretariat Kecamatan Ciomas,7.01.0.00.0.00.29.01,Sekretariat Kecamatan Ciomas,7.01.01 PROGRAM PENUNJANG URUSAN PEMERINTAHAN DAERAH KABUPATEN/KOTA,"7.01.01.2.01 Perencanaan, Penganggaran, dan Evaluasi Kinerja Perangkat Daerah",7.01.01.2.01.04,7.01.01.2.01.04 Koordinasi dan Penyusunan DPA-SKPD,5.1.02.04.01.0003 Belanja Perjalanan Dinas Dalam Kota,5.1.02.04.01.0003,6550000,0,6550000,0,0,0,0,0,0,0,0,0,0,6550000,0,
7.01 KECAMATAN,7.01,29.01 Sekretariat Kecamatan Ciomas,7.01.0.00.0.00.29.01,Sekretariat Kecamatan Ciomas,7.01.01 PROGRAM PENUNJANG URUSAN PEMERINTAHAN DAERAH KABUPATEN/KOTA,"7.01.01.2.01 Perencanaan, Penganggaran, dan Evaluasi Kinerja Perangkat Daerah",7.01.01.2.01.05,7.01.01.2.01.05 Koordinasi dan Penyusunan Perubahan DPA-SKPD,5.1.02.01.01.0024 Belanja Alat/Bahan untuk Kegiatan Kantor-Alat Tulis Kantor,5.1.02.01.01.0024,705350,0,0,0,0,0,0,0,0,705350,0,0,0,705350,0,
7.01 KECAMATAN,7.01,29.01 Sekretariat Kecamatan Ciomas,7.01.0.00.0.00.29.01,Sekretariat Kecamatan Ciomas,7.01.01 PROGRAM PENUNJANG URUSAN PEMERINTAHAN DAERAH KABUPATEN/KOTA,"7.01.01.2.01 Perencanaan, Penganggaran, dan Evaluasi Kinerja Perangkat Daerah",7.01.01.2.01.05,7.01.01.2.01.05 Koordinasi dan Penyusunan Perubahan DPA-SKPD,5.1.02.01.01.0026 Belanja Alat/Bahan untuk Kegiatan Kantor- Bahan Cetak,5.1.02.01.01.0026,650000,0,0,0,0,0,0,0,0,650000,0,0,0,650000,0,
7.01 KECAMATAN,7.01,29.01 Sekretariat Kecamatan Ciomas,7.01.0.00.0.00.29.01,Sekretariat Kecamatan Ciomas,7.01.01 PROGRAM PENUNJANG URUSAN PEMERINTAHAN DAERAH KABUPATEN/KOTA,"7.01.01.2.01 Perencanaan, Penganggaran, dan Evaluasi Kinerja Perangkat Daerah",7.01.01.2.01.05,7.01.01.2.01.05 Koordinasi dan Penyusunan Perubahan DPA-SKPD,5.1.02.01.01.0052 Belanja Makanan dan Minuman Rapat,5.1.02.01.01.0052,4000000,0,0,0,0,0,0,0,0,4000000,0,0,0,4000000,0,
7.01 KECAMATAN,7.01,29.01 Sekretariat Kecamatan Ciomas,7.01.0.00.0.00.29.01,Sekretariat Kecamatan Ciomas,7.01.01 PROGRAM PENUNJANG URUSAN PEMERINTAHAN DAERAH KABUPATEN/KOTA,"7.01.01.2.01 Perencanaan, Penganggaran, dan Evaluasi Kinerja Perangkat Daerah",7.01.01.2.01.05,7.01.01.2.01.05 Koordinasi dan Penyusunan Perubahan DPA-SKPD,5.1.02.04.01.0003 Belanja Perjalanan Dinas Dalam Kota,5.1.02.04.01.0003,4850000,0,0,0,0,0,0,0,0,4850000,0,0,0,4850000,0,
7.01 KECAMATAN,7.01,29.01 Sekretariat Kecamatan Ciomas,7.01.0.00.0.00.29.01,Sekretariat Kecamatan Ciomas,7.01.01 PROGRAM PENUNJANG URUSAN PEMERINTAHAN DAERAH KABUPATEN/KOTA,"7.01.01.2.01 Perencanaan, Penganggaran, dan Evaluasi Kinerja Perangkat Daerah",7.01.01.2.01.06,7.01.01.2.01.06 Koordinasi dan Penyusunan Laporan Capaian Kinerja dan Ikhtisar Realisasi Kinerja SKPD,5.1.02.01.01.0024 Belanja Alat/Bahan untuk Kegiatan Kantor-Alat Tulis Kantor,5.1.02.01.01.0024,3548750,0,3548750,0,0,0,0,0,0,0,0,0,0,3548750,0,
7.01 KECAMATAN,7.01,29.01 Sekretariat Kecamatan Ciomas,7.01.0.00.0.00.29.01,Sekretariat Kecamatan Ciomas,7.01.01 PROGRAM PENUNJANG URUSAN PEMERINTAHAN DAERAH KABUPATEN/KOTA,"7.01.01.2.01 Perencanaan, Penganggaran, dan Evaluasi Kinerja Perangkat Daerah",7.01.01.2.01.06,7.01.01.2.01.06 Koordinasi dan Penyusunan Laporan Capaian Kinerja dan Ikhtisar Realisasi Kinerja SKPD,5.1.02.01.01.0052 Belanja Makanan dan Minuman Rapat,5.1.02.01.01.0052,12000000,1000000,2000000,2000000,1000000,0,1000000,5000000,0,0,0,0,0,12000000,0,
7.01 KECAMATAN,7.01,29.01 Sekretariat Kecamatan Ciomas,7.01.0.00.0.00.29.01,Sekretariat Kecamatan Ciomas,7.01.01 PROGRAM PENUNJANG URUSAN PEMERINTAHAN DAERAH KABUPATEN/KOTA,"7.01.01.2.01 Perencanaan, Penganggaran, dan Evaluasi Kinerja Perangkat Daerah",7.01.01.2.01.06,7.01.01.2.01.06 Koordinasi dan Penyusunan Laporan Capaian Kinerja dan Ikhtisar Realisasi Kinerja SKPD,"5.1.02.02.01.0055 Belanja Jasa Iklan/Reklame, Film, dan Pemotretan",5.1.02.02.01.0055,30000000,0,0,30000000,0,0,0,0,0,0,0,0,0,30000000,0,
7.01 KECAMATAN,7.01,29.01 Sekretariat Kecamatan Ciomas,7.01.0.00.0.00.29.01,Sekretariat Kecamatan Ciomas,7.01.01 PROGRAM PENUNJANG URUSAN PEMERINTAHAN DAERAH KABUPATEN/KOTA,"7.01.01.2.01 Perencanaan, Penganggaran, dan Evaluasi Kinerja Perangkat Daerah",7.01.01.2.01.06,7.01.01.2.01.06 Koordinasi dan Penyusunan Laporan Capaian Kinerja dan Ikhtisar Realisasi Kinerja SKPD,5.1.02.04.01.0003 Belanja Perjalanan Dinas Dalam Kota,5.1.02.04.01.0003,4450000,0,4450000,0,0,0,0,0,0,0,0,0,0,4450000,0,
7.01 KECAMATAN,7.01,29.01 Sekretariat Kecamatan Ciomas,7.01.0.00.0.00.29.01,Sekretariat Kecamatan Ciomas,7.01.01 PROGRAM PENUNJANG URUSAN PEMERINTAHAN DAERAH KABUPATEN/KOTA,"7.01.01.2.01 Perencanaan, Penganggaran, dan Evaluasi Kinerja Perangkat Daerah",7.01.01.2.01.07,7.01.01.2.01.07 Evaluasi Kinerja Perangkat Daerah,5.1.02.01.01.0024 Belanja Alat/Bahan untuk Kegiatan Kantor-Alat Tulis Kantor,5.1.02.01.01.0024,1228300,0,1228300,0,0,0,0,0,0,0,0,0,0,1228300,0,
7.01 KECAMATAN,7.01,29.01 Sekretariat Kecamatan Ciomas,7.01.0.00.0.00.29.01,Sekretariat Kecamatan Ciomas,7.01.01 PROGRAM PENUNJANG URUSAN PEMERINTAHAN DAERAH KABUPATEN/KOTA,"7.01.01.2.01 Perencanaan, Penganggaran, dan Evaluasi Kinerja Perangkat Daerah",7.01.01.2.01.07,7.01.01.2.01.07 Evaluasi Kinerja Perangkat Daerah,5.1.02.01.01.0052 Belanja Makanan dan Minuman Rapat,5.1.02.01.01.0052,4000000,0,4000000,0,0,0,0,0,0,0,0,0,0,4000000,0,
7.01 KECAMATAN,7.01,29.01 Sekretariat Kecamatan Ciomas,7.01.0.00.0.00.29.01,Sekretariat Kecamatan Ciomas,7.01.01 PROGRAM PENUNJANG URUSAN PEMERINTAHAN DAERAH KABUPATEN/KOTA,"7.01.01.2.01 Perencanaan, Penganggaran, dan Evaluasi Kinerja Perangkat Daerah",7.01.01.2.01.07,7.01.01.2.01.07 Evaluasi Kinerja Perangkat Daerah,5.1.02.04.01.0003 Belanja Perjalanan Dinas Dalam Kota,5.1.02.04.01.0003,4740000,0,4740000,0,0,0,0,0,0,0,0,0,0,4740000,0,
7.01 KECAMATAN,7.01,29.01 Sekretariat Kecamatan Ciomas,7.01.0.00.0.00.29.01,Sekretariat Kecamatan Ciomas,7.01.01 PROGRAM PENUNJANG URUSAN PEMERINTAHAN DAERAH KABUPATEN/KOTA,7.01.01.2.02 Administrasi Keuangan Perangkat Daerah,7.01.01.2.02.01,7.01.01.2.02.01 Penyediaan Gaji dan Tunjangan ASN,5.1.01.01.01.0001 Belanja Gaji Pokok PNS,5.1.01.01.01.0001,1689475000,116984000,130000000,130000000,142491000,260000000,260000000,130000000,130000000,130000000,130000000,130000000,0,1689475000,0,
7.01 KECAMATAN,7.01,29.01 Sekretariat Kecamatan Ciomas,7.01.0.00.0.00.29.01,Sekretariat Kecamatan Ciomas,7.01.01 PROGRAM PENUNJANG URUSAN PEMERINTAHAN DAERAH KABUPATEN/KOTA,7.01.01.2.02 Administrasi Keuangan Perangkat Daerah,7.01.01.2.02.01,7.01.01.2.02.01 Penyediaan Gaji dan Tunjangan ASN,5.1.01.01.02.0001 Belanja Tunjangan Keluarga PNS,5.1.01.01.02.0001,175058000,13000000,13000000,18000000,13000000,30000000,30000000,19058000,13000000,13000000,13000000,0,0,175058000,0,
7.01 KECAMATAN,7.01,29.01 Sekretariat Kecamatan Ciomas,7.01.0.00.0.00.29.01,Sekretariat Kecamatan Ciomas,7.01.01 PROGRAM PENUNJANG URUSAN PEMERINTAHAN DAERAH KABUPATEN/KOTA,7.01.01.2.02 Administrasi Keuangan Perangkat Daerah,7.01.01.2.02.01,7.01.01.2.02.01 Penyediaan Gaji dan Tunjangan ASN,5.1.01.01.03.0001 Belanja Tunjangan Jabatan PNS,5.1.01.01.03.0001,117880000,7000000,9000000,11880000,18000000,18000000,9000000,9000000,9000000,9000000,9000000,9000000,0,117880000,0,
7.01 KECAMATAN,7.01,29.01 Sekretariat Kecamatan Ciomas,7.01.0.00.0.00.29.01,Sekretariat Kecamatan Ciomas,7.01.01 PROGRAM PENUNJANG URUSAN PEMERINTAHAN DAERAH KABUPATEN/KOTA,7.01.01.2.02 Administrasi Keuangan Perangkat Daerah,7.01.01.2.02.01,7.01.01.2.02.01 Penyediaan Gaji dan Tunjangan ASN,5.1.01.01.04.0001 Belanja Tunjangan Fungsional PNS,5.1.01.01.04.0001,5040000,360000,360000,360000,360000,720000,720000,360000,360000,360000,360000,360000,360000,5040000,0,
7.01 KECAMATAN,7.01,29.01 Sekretariat Kecamatan Ciomas,7.01.0.00.0.00.29.01,Sekretariat Kecamatan Ciomas,7.01.01 PROGRAM PENUNJANG URUSAN PEMERINTAHAN DAERAH KABUPATEN/KOTA,7.01.01.2.02 Administrasi Keuangan Perangkat Daerah,7.01.01.2.02.01,7.01.01.2.02.01 Penyediaan Gaji dan Tunjangan ASN,5.1.01.01.05.0001 Belanja Tunjangan Fungsional Umum PNS,5.1.01.01.05.0001,52506000,3810000,4500000,4500000,10000000,10000000,4500000,4500000,4500000,4500000,1696000,0,0,52506000,0,
7.01 KECAMATAN,7.01,29.01 Sekretariat Kecamatan Ciomas,7.01.0.00.0.00.29.01,Sekretariat Kecamatan Ciomas,7.01.01 PROGRAM PENUNJANG URUSAN PEMERINTAHAN DAERAH KABUPATEN/KOTA,7.01.01.2.02 Administrasi Keuangan Perangkat Daerah,7.01.01.2.02.01,7.01.01.2.02.01 Penyediaan Gaji dan Tunjangan ASN,5.1.01.01.06.0001 Belanja Tunjangan Beras PNS,5.1.01.01.06.0001,86444000,7531680,8000000,8000000,16000000,14912320,8000000,8000000,8000000,8000000,0,0,0,86444000,0,
7.01 KECAMATAN,7.01,29.01 Sekretariat Kecamatan Ciomas,7.01.0.00.0.00.29.01,Sekretariat Kecamatan Ciomas,7.01.01 PROGRAM PENUNJANG URUSAN PEMERINTAHAN DAERAH KABUPATEN/KOTA,7.01.01.2.02 Administrasi Keuangan Perangkat Daerah,7.01.01.2.02.01,7.01.01.2.02.01 Penyediaan Gaji dan Tunjangan ASN,5.1.01.01.07.0001 Belanja Tunjangan PPh/Tunjangan Khusus PNS,5.1.01.01.07.0001,10195000,53000,9442000,70000,140000,140000,70000,70000,70000,70000,70000,0,0,10195000,0,
7.01 KECAMATAN,7.01,29.01 Sekretariat Kecamatan Ciomas,7.01.0.00.0.00.29.01,Sekretariat Kecamatan Ciomas,7.01.01 PROGRAM PENUNJANG URUSAN PEMERINTAHAN DAERAH KABUPATEN/KOTA,7.01.01.2.02 Administrasi Keuangan Perangkat Daerah,7.01.01.2.02.01,7.01.01.2.02.01 Penyediaan Gaji dan Tunjangan ASN,5.1.01.01.08.0001 Belanja Pembulatan Gaji PNS,5.1.01.01.08.0001,54073,1456,52617,0,0,0,0,0,0,0,0,0,0,54073,0,
7.01 KECAMATAN,7.01,29.01 Sekretariat Kecamatan Ciomas,7.01.0.00.0.00.29.01,Sekretariat Kecamatan Ciomas,7.01.01 PROGRAM PENUNJANG URUSAN PEMERINTAHAN DAERAH KABUPATEN/KOTA,7.01.01.2.02 Administrasi Keuangan Perangkat Daerah,7.01.01.2.02.01,7.01.01.2.02.01 Penyediaan Gaji dan Tunjangan ASN,5.1.01.01.09.0001 Belanja Iuran Jaminan Kesehatan PNS,5.1.01.01.09.0001,136536000,5641325,7000000,46894675,14000000,14000000,7000000,7000000,7000000,7000000,7000000,7000000,7000000,136536000,0,
7.01 KECAMATAN,7.01,29.01 Sekretariat Kecamatan Ciomas,7.01.0.00.0.00.29.01,Sekretariat Kecamatan Ciomas,7.01.01 PROGRAM PENUNJANG URUSAN PEMERINTAHAN DAERAH KABUPATEN/KOTA,7.01.01.2.02 Administrasi Keuangan Perangkat Daerah,7.01.01.2.02.01,7.01.01.2.02.01 Penyediaan Gaji dan Tunjangan ASN,5.1.01.01.10.0001 Belanja Iuran Jaminan Kecelakaan Kerja PNS,5.1.01.01.10.0001,4055000,280630,300000,774370,600000,600000,300000,300000,300000,300000,300000,0,0,4055000,0,
7.01 KECAMATAN,7.01,29.01 Sekretariat Kecamatan Ciomas,7.01.0.00.0.00.29.01,Sekretariat Kecamatan Ciomas,7.01.01 PROGRAM PENUNJANG URUSAN PEMERINTAHAN DAERAH KABUPATEN/KOTA,7.01.01.2.02 Administrasi Keuangan Perangkat Daerah,7.01.01.2.02.01,7.01.01.2.02.01 Penyediaan Gaji dan Tunjangan ASN,5.1.01.01.11.0001 Belanja Iuran Jaminan Kematian PNS,5.1.01.01.11.0001,12165000,842284,900000,3222716,900000,900000,900000,900000,900000,900000,900000,900000,0,12165000,0,
7.01 KECAMATAN,7.01,29.01 Sekretariat Kecamatan Ciomas,7.01.0.00.0.00.29.01,Sekretariat Kecamatan Ciomas,7.01.01 PROGRAM PENUNJANG URUSAN PEMERINTAHAN DAERAH KABUPATEN/KOTA,7.01.01.2.02 Administrasi Keuangan Perangkat Daerah,7.01.01.2.02.01,7.01.01.2.02.01 Penyediaan Gaji dan Tunjangan ASN,5.1.01.02.01.0001 Tambahan Penghasilan berdasarkan Beban Kerja PNS,5.1.01.02.01.0001,2644678000,230000000,230000000,230000000,460000000,460000000,230000000,230000000,230000000,230000000,114678000,0,0,2644678000,0,
7.01 KECAMATAN,7.01,29.01 Sekretariat Kecamatan Ciomas,7.01.0.00.0.00.29.01,Sekretariat Kecamatan Ciomas,7.01.01 PROGRAM PENUNJANG URUSAN PEMERINTAHAN DAERAH KABUPATEN/KOTA,7.01.01.2.02 Administrasi Keuangan Perangkat Daerah,7.01.01.2.02.01,7.01.01.2.02.01 Penyediaan Gaji dan Tunjangan ASN,5.1.01.03.07.0001 Belanja Honorarium Penanggungjawaban Pengelola Keuangan,5.1.01.03.07.0001,16800000,1400000,1400000,1400000,1400000,1400000,1400000,1400000,1400000,1400000,1400000,1400000,1400000,16800000,0,
7.01 KECAMATAN,7.01,29.01 Sekretariat Kecamatan Ciomas,7.01.0.00.0.00.29.01,Sekretariat Kecamatan Ciomas,7.01.01 PROGRAM PENUNJANG URUSAN PEMERINTAHAN DAERAH KABUPATEN/KOTA,7.01.01.2.02 Administrasi Keuangan Perangkat Daerah,7.01.01.2.02.01,7.01.01.2.02.01 Penyediaan Gaji dan Tunjangan ASN,5.1.01.03.08.0002 Belanja Jasa Pengelolaan BMD yang Tidak Menghasilkan Pendapatan,5.1.01.03.08.0002,3000000,250000,250000,250000,250000,250000,250000,250000,250000,250000,250000,250000,250000,3000000,0,
7.01 KECAMATAN,7.01,29.01 Sekretariat Kecamatan Ciomas,7.01.0.00.0.00.29.01,Sekretariat Kecamatan Ciomas,7.01.01 PROGRAM PENUNJANG URUSAN PEMERINTAHAN DAERAH KABUPATEN/KOTA,7.01.01.2.02 Administrasi Keuangan Perangkat Daerah,7.01.01.2.02.03,7.01.01.2.02.03 Pelaksanaan Penatausahaan dan Pengujian/Verifikasi Keuangan SKPD,5.1.02.01.01.0024 Belanja Alat/Bahan untuk Kegiatan Kantor-Alat Tulis Kantor,5.1.02.01.01.0024,4597300,4597300,0,0,0,0,0,0,0,0,0,0,0,4597300,0,
7.01 KECAMATAN,7.01,29.01 Sekretariat Kecamatan Ciomas,7.01.0.00.0.00.29.01,Sekretariat Kecamatan Ciomas,7.01.01 PROGRAM PENUNJANG URUSAN PEMERINTAHAN DAERAH KABUPATEN/KOTA,7.01.01.2.02 Administrasi Keuangan Perangkat Daerah,7.01.01.2.02.03,7.01.01.2.02.03 Pelaksanaan Penatausahaan dan Pengujian/Verifikasi Keuangan SKPD,5.1.02.01.01.0052 Belanja Makanan dan Minuman Rapat,5.1.02.01.01.0052,4800000,400000,400000,400000,400000,400000,400000,400000,400000,400000,400000,400000,400000,4800000,0,
7.01 KECAMATAN,7.01,29.01 Sekretariat Kecamatan Ciomas,7.01.0.00.0.00.29.01,Sekretariat Kecamatan Ciomas,7.01.01 PROGRAM PENUNJANG URUSAN PEMERINTAHAN DAERAH KABUPATEN/KOTA,7.01.01.2.02 Administrasi Keuangan Perangkat Daerah,7.01.01.2.02.03,7.01.01.2.02.03 Pelaksanaan Penatausahaan dan Pengujian/Verifikasi Keuangan SKPD,5.1.02.04.01.0003 Belanja Perjalanan Dinas Dalam Kota,5.1.02.04.01.0003,11520000,960000,960000,960000,960000,960000,960000,960000,960000,960000,960000,960000,960000,11520000,0,
7.01 KECAMATAN,7.01,29.01 Sekretariat Kecamatan Ciomas,7.01.0.00.0.00.29.01,Sekretariat Kecamatan Ciomas,7.01.01 PROGRAM PENUNJANG URUSAN PEMERINTAHAN DAERAH KABUPATEN/KOTA,7.01.01.2.02 Administrasi Keuangan Perangkat Daerah,7.01.01.2.02.04,7.01.01.2.02.04 Koordinasi dan Pelaksanaan Akuntansi SKPD,5.1.02.01.01.0024 Belanja Alat/Bahan untuk Kegiatan Kantor-Alat Tulis Kantor,5.1.02.01.01.0024,574800,0,0,574800,0,0,0,0,0,0,0,0,0,574800,0,
7.01 KECAMATAN,7.01,29.01 Sekretariat Kecamatan Ciomas,7.01.0.00.0.00.29.01,Sekretariat Kecamatan Ciomas,7.01.01 PROGRAM PENUNJANG URUSAN PEMERINTAHAN DAERAH KABUPATEN/KOTA,7.01.01.2.02 Administrasi Keuangan Perangkat Daerah,7.01.01.2.02.04,7.01.01.2.02.04 Koordinasi dan Pelaksanaan Akuntansi SKPD,5.1.02.04.01.0003 Belanja Perjalanan Dinas Dalam Kota,5.1.02.04.01.0003,5220000,435000,435000,435000,435000,435000,435000,435000,435000,435000,435000,435000,435000,5220000,0,
7.01 KECAMATAN,7.01,29.01 Sekretariat Kecamatan Ciomas,7.01.0.00.0.00.29.01,Sekretariat Kecamatan Ciomas,7.01.01 PROGRAM PENUNJANG URUSAN PEMERINTAHAN DAERAH KABUPATEN/KOTA,7.01.01.2.02 Administrasi Keuangan Perangkat Daerah,7.01.01.2.02.05,7.01.01.2.02.05 Koordinasi dan Penyusunan Laporan Keuangan Akhir Tahun SKPD,5.1.02.01.01.0024 Belanja Alat/Bahan untuk Kegiatan Kantor-Alat Tulis Kantor,5.1.02.01.01.0024,698250,698250,0,0,0,0,0,0,0,0,0,0,0,698250,0,
7.01 KECAMATAN,7.01,29.01 Sekretariat Kecamatan Ciomas,7.01.0.00.0.00.29.01,Sekretariat Kecamatan Ciomas,7.01.01 PROGRAM PENUNJANG URUSAN PEMERINTAHAN DAERAH KABUPATEN/KOTA,7.01.01.2.02 Administrasi Keuangan Perangkat Daerah,7.01.01.2.02.05,7.01.01.2.02.05 Koordinasi dan Penyusunan Laporan Keuangan Akhir Tahun SKPD,5.1.02.01.01.0026 Belanja Alat/Bahan untuk Kegiatan Kantor- Bahan Cetak,5.1.02.01.01.0026,300000,300000,0,0,0,0,0,0,0,0,0,0,0,300000,0,
7.01 KECAMATAN,7.01,29.01 Sekretariat Kecamatan Ciomas,7.01.0.00.0.00.29.01,Sekretariat Kecamatan Ciomas,7.01.01 PROGRAM PENUNJANG URUSAN PEMERINTAHAN DAERAH KABUPATEN/KOTA,7.01.01.2.02 Administrasi Keuangan Perangkat Daerah,7.01.01.2.02.05,7.01.01.2.02.05 Koordinasi dan Penyusunan Laporan Keuangan Akhir Tahun SKPD,5.1.02.01.01.0052 Belanja Makanan dan Minuman Rapat,5.1.02.01.01.0052,3200000,3200000,0,0,0,0,0,0,0,0,0,0,0,3200000,0,
7.01 KECAMATAN,7.01,29.01 Sekretariat Kecamatan Ciomas,7.01.0.00.0.00.29.01,Sekretariat Kecamatan Ciomas,7.01.01 PROGRAM PENUNJANG URUSAN PEMERINTAHAN DAERAH KABUPATEN/KOTA,7.01.01.2.02 Administrasi Keuangan Perangkat Daerah,7.01.01.2.02.05,7.01.01.2.02.05 Koordinasi dan Penyusunan Laporan Keuangan Akhir Tahun SKPD,5.1.02.04.01.0003 Belanja Perjalanan Dinas Dalam Kota,5.1.02.04.01.0003,800000,800000,0,0,0,0,0,0,0,0,0,0,0,800000,0,
7.01 KECAMATAN,7.01,29.01 Sekretariat Kecamatan Ciomas,7.01.0.00.0.00.29.01,Sekretariat Kecamatan Ciomas,7.01.01 PROGRAM PENUNJANG URUSAN PEMERINTAHAN DAERAH KABUPATEN/KOTA,7.01.01.2.02 Administrasi Keuangan Perangkat Daerah,7.01.01.2.02.06,7.01.01.2.02.06 Pengelolaan dan Penyiapan Bahan Tanggapan Pemeriksaan,5.1.02.01.01.0024 Belanja Alat/Bahan untuk Kegiatan Kantor-Alat Tulis Kantor,5.1.02.01.01.0024,653250,0,653250,0,0,0,0,0,0,0,0,0,0,653250,0,
7.01 KECAMATAN,7.01,29.01 Sekretariat Kecamatan Ciomas,7.01.0.00.0.00.29.01,Sekretariat Kecamatan Ciomas,7.01.01 PROGRAM PENUNJANG URUSAN PEMERINTAHAN DAERAH KABUPATEN/KOTA,7.01.01.2.02 Administrasi Keuangan Perangkat Daerah,7.01.01.2.02.06,7.01.01.2.02.06 Pengelolaan dan Penyiapan Bahan Tanggapan Pemeriksaan,5.1.02.01.01.0052 Belanja Makanan dan Minuman Rapat,5.1.02.01.01.0052,800000,0,800000,0,0,0,0,0,0,0,0,0,0,800000,0,
7.01 KECAMATAN,7.01,29.01 Sekretariat Kecamatan Ciomas,7.01.0.00.0.00.29.01,Sekretariat Kecamatan Ciomas,7.01.01 PROGRAM PENUNJANG URUSAN PEMERINTAHAN DAERAH KABUPATEN/KOTA,7.01.01.2.02 Administrasi Keuangan Perangkat Daerah,7.01.01.2.02.06,7.01.01.2.02.06 Pengelolaan dan Penyiapan Bahan Tanggapan Pemeriksaan,5.1.02.04.01.0003 Belanja Perjalanan Dinas Dalam Kota,5.1.02.04.01.0003,2170000,0,2170000,0,0,0,0,0,0,0,0,0,0,2170000,0,
7.01 KECAMATAN,7.01,29.01 Sekretariat Kecamatan Ciomas,7.01.0.00.0.00.29.01,Sekretariat Kecamatan Ciomas,7.01.01 PROGRAM PENUNJANG URUSAN PEMERINTAHAN DAERAH KABUPATEN/KOTA,7.01.01.2.02 Administrasi Keuangan Perangkat Daerah,7.01.01.2.02.07,7.01.01.2.02.07 Koordinasi dan Penyusunan Laporan Keuangan Bulanan/Triwulanan/Semesteran SKPD,5.1.02.01.01.0024 Belanja Alat/Bahan untuk Kegiatan Kantor-Alat Tulis Kantor,5.1.02.01.01.0024,778400,778400,0,0,0,0,0,0,0,0,0,0,0,778400,0,
7.01 KECAMATAN,7.01,29.01 Sekretariat Kecamatan Ciomas,7.01.0.00.0.00.29.01,Sekretariat Kecamatan Ciomas,7.01.01 PROGRAM PENUNJANG URUSAN PEMERINTAHAN DAERAH KABUPATEN/KOTA,7.01.01.2.02 Administrasi Keuangan Perangkat Daerah,7.01.01.2.02.07,7.01.01.2.02.07 Koordinasi dan Penyusunan Laporan Keuangan Bulanan/Triwulanan/Semesteran SKPD,5.1.02.01.01.0026 Belanja Alat/Bahan untuk Kegiatan Kantor- Bahan Cetak,5.1.02.01.01.0026,400000,400000,0,0,0,0,0,0,0,0,0,0,0,400000,0,
7.01 KECAMATAN,7.01,29.01 Sekretariat Kecamatan Ciomas,7.01.0.00.0.00.29.01,Sekretariat Kecamatan Ciomas,7.01.01 PROGRAM PENUNJANG URUSAN PEMERINTAHAN DAERAH KABUPATEN/KOTA,7.01.01.2.02 Administrasi Keuangan Perangkat Daerah,7.01.01.2.02.07,7.01.01.2.02.07 Koordinasi dan Penyusunan Laporan Keuangan Bulanan/Triwulanan/Semesteran SKPD,5.1.02.01.01.0052 Belanja Makanan dan Minuman Rapat,5.1.02.01.01.0052,3360000,280000,280000,280000,280000,280000,280000,280000,280000,280000,280000,280000,280000,3360000,0,
7.01 KECAMATAN,7.01,29.01 Sekretariat Kecamatan Ciomas,7.01.0.00.0.00.29.01,Sekretariat Kecamatan Ciomas,7.01.01 PROGRAM PENUNJANG URUSAN PEMERINTAHAN DAERAH KABUPATEN/KOTA,7.01.01.2.02 Administrasi Keuangan Perangkat Daerah,7.01.01.2.02.07,7.01.01.2.02.07 Koordinasi dan Penyusunan Laporan Keuangan Bulanan/Triwulanan/Semesteran SKPD,5.1.02.04.01.0003 Belanja Perjalanan Dinas Dalam Kota,5.1.02.04.01.0003,5460000,455000,455000,455000,455000,455000,455000,455000,455000,455000,455000,455000,455000,5460000,0,
7.01 KECAMATAN,7.01,29.01 Sekretariat Kecamatan Ciomas,7.01.0.00.0.00.29.01,Sekretariat Kecamatan Ciomas,7.01.01 PROGRAM PENUNJANG URUSAN PEMERINTAHAN DAERAH KABUPATEN/KOTA,7.01.01.2.02 Administrasi Keuangan Perangkat Daerah,7.01.01.2.02.08,7.01.01.2.02.08 Penyusunan Pelaporan dan Analisis Prognosis Realisasi Anggaran,5.1.02.01.01.0024 Belanja Alat/Bahan untuk Kegiatan Kantor-Alat Tulis Kantor,5.1.02.01.01.0024,522900,0,0,0,0,0,522900,0,0,0,0,0,0,522900,0,
7.01 KECAMATAN,7.01,29.01 Sekretariat Kecamatan Ciomas,7.01.0.00.0.00.29.01,Sekretariat Kecamatan Ciomas,7.01.01 PROGRAM PENUNJANG URUSAN PEMERINTAHAN DAERAH KABUPATEN/KOTA,7.01.01.2.02 Administrasi Keuangan Perangkat Daerah,7.01.01.2.02.08,7.01.01.2.02.08 Penyusunan Pelaporan dan Analisis Prognosis Realisasi Anggaran,5.1.02.01.01.0026 Belanja Alat/Bahan untuk Kegiatan Kantor- Bahan Cetak,5.1.02.01.01.0026,200000,0,0,0,0,0,200000,0,0,0,0,0,0,200000,0,
7.01 KECAMATAN,7.01,29.01 Sekretariat Kecamatan Ciomas,7.01.0.00.0.00.29.01,Sekretariat Kecamatan Ciomas,7.01.01 PROGRAM PENUNJANG URUSAN PEMERINTAHAN DAERAH KABUPATEN/KOTA,7.01.01.2.02 Administrasi Keuangan Perangkat Daerah,7.01.01.2.02.08,7.01.01.2.02.08 Penyusunan Pelaporan dan Analisis Prognosis Realisasi Anggaran,5.1.02.01.01.0052 Belanja Makanan dan Minuman Rapat,5.1.02.01.01.0052,800000,0,0,0,0,0,800000,0,0,0,0,0,0,800000,0,
7.01 KECAMATAN,7.01,29.01 Sekretariat Kecamatan Ciomas,7.01.0.00.0.00.29.01,Sekretariat Kecamatan Ciomas,7.01.01 PROGRAM PENUNJANG URUSAN PEMERINTAHAN DAERAH KABUPATEN/KOTA,7.01.01.2.02 Administrasi Keuangan Perangkat Daerah,7.01.01.2.02.08,7.01.01.2.02.08 Penyusunan Pelaporan dan Analisis Prognosis Realisasi Anggaran,5.1.02.04.01.0003 Belanja Perjalanan Dinas Dalam Kota,5.1.02.04.01.0003,470000,0,0,0,0,0,470000,0,0,0,0,0,0,470000,0,
7.01 KECAMATAN,7.01,29.01 Sekretariat Kecamatan Ciomas,7.01.0.00.0.00.29.01,Sekretariat Kecamatan Ciomas,7.01.01 PROGRAM PENUNJANG URUSAN PEMERINTAHAN DAERAH KABUPATEN/KOTA,7.01.01.2.05 Administrasi Kepegawaian Perangkat Daerah,7.01.01.2.05.04,7.01.01.2.05.04 Koordinasi dan Pelaksanaan Sistem Informasi Kepegawaian,5.1.02.01.01.0026 Belanja Alat/Bahan untuk Kegiatan Kantor- Bahan Cetak,5.1.02.01.01.0026,400000,400000,0,0,0,0,0,0,0,0,0,0,0,400000,0,
7.01 KECAMATAN,7.01,29.01 Sekretariat Kecamatan Ciomas,7.01.0.00.0.00.29.01,Sekretariat Kecamatan Ciomas,7.01.01 PROGRAM PENUNJANG URUSAN PEMERINTAHAN DAERAH KABUPATEN/KOTA,7.01.01.2.05 Administrasi Kepegawaian Perangkat Daerah,7.01.01.2.05.04,7.01.01.2.05.04 Koordinasi dan Pelaksanaan Sistem Informasi Kepegawaian,5.1.02.01.01.0052 Belanja Makanan dan Minuman Rapat,5.1.02.01.01.0052,8750000,4000000,0,0,4000000,0,0,0,0,0,0,0,750000,8750000,0,
7.01 KECAMATAN,7.01,29.01 Sekretariat Kecamatan Ciomas,7.01.0.00.0.00.29.01,Sekretariat Kecamatan Ciomas,7.01.01 PROGRAM PENUNJANG URUSAN PEMERINTAHAN DAERAH KABUPATEN/KOTA,7.01.01.2.05 Administrasi Kepegawaian Perangkat Daerah,7.01.01.2.05.04,7.01.01.2.05.04 Koordinasi dan Pelaksanaan Sistem Informasi Kepegawaian,5.1.02.02.01.0016 Belanja Jasa Tenaga Penanganan Prasarana dan Sarana Umum,5.1.02.02.01.0016,184704000,15392000,15392000,15392000,15392000,15392000,15392000,15392000,15392000,15392000,15392000,15392000,15392000,184704000,0,
7.01 KECAMATAN,7.01,29.01 Sekretariat Kecamatan Ciomas,7.01.0.00.0.00.29.01,Sekretariat Kecamatan Ciomas,7.01.01 PROGRAM PENUNJANG URUSAN PEMERINTAHAN DAERAH KABUPATEN/KOTA,7.01.01.2.05 Administrasi Kepegawaian Perangkat Daerah,7.01.01.2.05.04,7.01.01.2.05.04 Koordinasi dan Pelaksanaan Sistem Informasi Kepegawaian,5.1.02.04.01.0003 Belanja Perjalanan Dinas Dalam Kota,5.1.02.04.01.0003,18420000,1535000,1535000,1535000,1535000,1535000,1535000,1535000,1535000,1535000,1535000,1535000,1535000,18420000,0,
7.01 KECAMATAN,7.01,29.01 Sekretariat Kecamatan Ciomas,7.01.0.00.0.00.29.01,Sekretariat Kecamatan Ciomas,7.01.01 PROGRAM PENUNJANG URUSAN PEMERINTAHAN DAERAH KABUPATEN/KOTA,7.01.01.2.06 Administrasi Umum Perangkat Daerah,7.01.01.2.06.02,7.01.01.2.06.02 Penyediaan Peralatan dan Perlengkapan Kantor,5.1.02.01.01.0024 Belanja Alat/Bahan untuk Kegiatan Kantor-Alat Tulis Kantor,5.1.02.01.01.0024,8468650,8468650,0,0,0,0,0,0,0,0,0,0,0,8468650,0,
7.01 KECAMATAN,7.01,29.01 Sekretariat Kecamatan Ciomas,7.01.0.00.0.00.29.01,Sekretariat Kecamatan Ciomas,7.01.01 PROGRAM PENUNJANG URUSAN PEMERINTAHAN DAERAH KABUPATEN/KOTA,7.01.01.2.06 Administrasi Umum Perangkat Daerah,7.01.01.2.06.05,7.01.01.2.06.05 Penyediaan Barang Cetakan dan Penggandaan,5.1.02.01.01.0026 Belanja Alat/Bahan untuk Kegiatan Kantor- Bahan Cetak,5.1.02.01.01.0026,8910500,8910500,0,0,0,0,0,0,0,0,0,0,0,8910500,0,
7.01 KECAMATAN,7.01,29.01 Sekretariat Kecamatan Ciomas,7.01.0.00.0.00.29.01,Sekretariat Kecamatan Ciomas,7.01.01 PROGRAM PENUNJANG URUSAN PEMERINTAHAN DAERAH KABUPATEN/KOTA,7.01.01.2.06 Administrasi Umum Perangkat Daerah,7.01.01.2.06.08,7.01.01.2.06.08 Fasilitasi Kunjungan Tamu,5.1.02.01.01.0052 Belanja Makanan dan Minuman Rapat,5.1.02.01.01.0052,20000000,4000000,0,4000000,4000000,0,0,4000000,4000000,0,0,0,0,20000000,0,
7.01 KECAMATAN,7.01,29.01 Sekretariat Kecamatan Ciomas,7.01.0.00.0.00.29.01,Sekretariat Kecamatan Ciomas,7.01.01 PROGRAM PENUNJANG URUSAN PEMERINTAHAN DAERAH KABUPATEN/KOTA,7.01.01.2.06 Administrasi Umum Perangkat Daerah,7.01.01.2.06.09,7.01.01.2.06.09 Penyelenggaraan Rapat Koordinasi dan Konsultasi SKPD,5.1.02.04.01.0003 Belanja Perjalanan Dinas Dalam Kota,5.1.02.04.01.0003,28500000,0,0,28500000,0,0,0,0,0,0,0,0,0,28500000,0,
7.01 KECAMATAN,7.01,29.01 Sekretariat Kecamatan Ciomas,7.01.0.00.0.00.29.01,Sekretariat Kecamatan Ciomas,7.01.01 PROGRAM PENUNJANG URUSAN PEMERINTAHAN DAERAH KABUPATEN/KOTA,7.01.01.2.07 Pengadaan Barang Milik Daerah Penunjang Urusan Pemerintah Daerah,7.01.01.2.07.05,7.01.01.2.07.05 Pengadaan Mebel,5.2.02.05.02.0001 Belanja Modal Mebel,5.2.02.05.02.0001,21909500,0,0,21909500,0,0,0,0,0,0,0,0,0,21909500,0,
7.01 KECAMATAN,7.01,29.01 Sekretariat Kecamatan Ciomas,7.01.0.00.0.00.29.01,Sekretariat Kecamatan Ciomas,7.01.01 PROGRAM PENUNJANG URUSAN PEMERINTAHAN DAERAH KABUPATEN/KOTA,7.01.01.2.08 Penyediaan Jasa Penunjang Urusan Pemerintahan Daerah,7.01.01.2.08.02,"7.01.01.2.08.02 Penyediaan Jasa Komunikasi, Sumber Daya Air dan Listrik",5.1.02.02.01.0059 Belanja Tagihan Telepon,5.1.02.02.01.0059,6000000,500000,500000,500000,500000,500000,500000,500000,500000,500000,500000,500000,500000,6000000,0,
7.01 KECAMATAN,7.01,29.01 Sekretariat Kecamatan Ciomas,7.01.0.00.0.00.29.01,Sekretariat Kecamatan Ciomas,7.01.01 PROGRAM PENUNJANG URUSAN PEMERINTAHAN DAERAH KABUPATEN/KOTA,7.01.01.2.08 Penyediaan Jasa Penunjang Urusan Pemerintahan Daerah,7.01.01.2.08.02,"7.01.01.2.08.02 Penyediaan Jasa Komunikasi, Sumber Daya Air dan Listrik",5.1.02.02.01.0060 Belanja Tagihan Air,5.1.02.02.01.0060,14877000,1239750,1239750,1239750,1239750,1239750,1239750,1239750,1239750,1239750,1239750,1239750,1239750,14877000,0,
7.01 KECAMATAN,7.01,29.01 Sekretariat Kecamatan Ciomas,7.01.0.00.0.00.29.01,Sekretariat Kecamatan Ciomas,7.01.01 PROGRAM PENUNJANG URUSAN PEMERINTAHAN DAERAH KABUPATEN/KOTA,7.01.01.2.08 Penyediaan Jasa Penunjang Urusan Pemerintahan Daerah,7.01.01.2.08.02,"7.01.01.2.08.02 Penyediaan Jasa Komunikasi, Sumber Daya Air dan Listrik",5.1.02.02.01.0061 Belanja Tagihan Listrik,5.1.02.02.01.0061,36000000,3000000,3000000,3000000,3000000,3000000,3000000,3000000,3000000,3000000,3000000,3000000,3000000,36000000,0,
7.01 KECAMATAN,7.01,29.01 Sekretariat Kecamatan Ciomas,7.01.0.00.0.00.29.01,Sekretariat Kecamatan Ciomas,7.01.01 PROGRAM PENUNJANG URUSAN PEMERINTAHAN DAERAH KABUPATEN/KOTA,7.01.01.2.08 Penyediaan Jasa Penunjang Urusan Pemerintahan Daerah,7.01.01.2.08.02,"7.01.01.2.08.02 Penyediaan Jasa Komunikasi, Sumber Daya Air dan Listrik",5.1.02.02.01.0063 Belanja Kawat/Faksimili/Internet/TV Berlangganan,5.1.02.02.01.0063,24000000,2000000,2000000,2000000,2000000,2000000,2000000,2000000,2000000,2000000,2000000,2000000,2000000,24000000,0,
7.01 KECAMATAN,7.01,29.01 Sekretariat Kecamatan Ciomas,7.01.0.00.0.00.29.01,Sekretariat Kecamatan Ciomas,7.01.01 PROGRAM PENUNJANG URUSAN PEMERINTAHAN DAERAH KABUPATEN/KOTA,7.01.01.2.08 Penyediaan Jasa Penunjang Urusan Pemerintahan Daerah,7.01.01.2.08.04,7.01.01.2.08.04 Penyediaan Jasa Pelayanan Umum Kantor,5.1.02.01.01.0030 Belanja Alat/Bahan untuk Kegiatan Kantor-Perabot Kantor,5.1.02.01.01.0030,3814000,3814000,0,0,0,0,0,0,0,0,0,0,0,3814000,0,
7.01 KECAMATAN,7.01,29.01 Sekretariat Kecamatan Ciomas,7.01.0.00.0.00.29.01,Sekretariat Kecamatan Ciomas,7.01.01 PROGRAM PENUNJANG URUSAN PEMERINTAHAN DAERAH KABUPATEN/KOTA,7.01.01.2.08 Penyediaan Jasa Penunjang Urusan Pemerintahan Daerah,7.01.01.2.08.04,7.01.01.2.08.04 Penyediaan Jasa Pelayanan Umum Kantor,5.1.02.02.01.0028 Belanja Jasa Tenaga Pelayanan Umum,5.1.02.02.01.0028,166560970,13880082,13880082,13880082,13880082,13880082,13880082,13880082,13880082,13880082,13880082,13880082,13880068,166560970,0,
7.01 KECAMATAN,7.01,29.01 Sekretariat Kecamatan Ciomas,7.01.0.00.0.00.29.01,Sekretariat Kecamatan Ciomas,7.01.01 PROGRAM PENUNJANG URUSAN PEMERINTAHAN DAERAH KABUPATEN/KOTA,7.01.01.2.08 Penyediaan Jasa Penunjang Urusan Pemerintahan Daerah,7.01.01.2.08.04,7.01.01.2.08.04 Penyediaan Jasa Pelayanan Umum Kantor,5.1.02.02.01.0030 Belanja Jasa Tenaga Kebersihan,5.1.02.02.01.0030,89440646,7453388,7453388,7453388,7453388,7453388,7453388,7453388,7453388,7453388,7453388,7453388,7453378,89440646,0,
7.01 KECAMATAN,7.01,29.01 Sekretariat Kecamatan Ciomas,7.01.0.00.0.00.29.01,Sekretariat Kecamatan Ciomas,7.01.01 PROGRAM PENUNJANG URUSAN PEMERINTAHAN DAERAH KABUPATEN/KOTA,7.01.01.2.08 Penyediaan Jasa Penunjang Urusan Pemerintahan Daerah,7.01.01.2.08.04,7.01.01.2.08.04 Penyediaan Jasa Pelayanan Umum Kantor,5.1.02.02.01.0031 Belanja Jasa Tenaga Keamanan,5.1.02.02.01.0031,181721131,15143429,15143429,15143429,15143429,15143429,15143429,15143429,15143429,15143429,15143429,15143429,15143412,181721131,0,
7.01 KECAMATAN,7.01,29.01 Sekretariat Kecamatan Ciomas,7.01.0.00.0.00.29.01,Sekretariat Kecamatan Ciomas,7.01.01 PROGRAM PENUNJANG URUSAN PEMERINTAHAN DAERAH KABUPATEN/KOTA,7.01.01.2.09 Pemeliharaan Barang Milik Daerah Penunjang Urusan Pemerintahan Daerah,7.01.01.2.09.02,"7.01.01.2.09.02 Penyediaan Jasa Pemeliharaan, Biaya Pemeliharaan, Pajak, dan Perizinan Kendaraan Dinas Operasional atau Lapangan","5.1.02.02.01.0067 Belanja Pembayaran Pajak, Bea, dan Perizinan",5.1.02.02.01.0067,6000000,0,0,6000000,0,0,0,0,0,0,0,0,0,6000000,0,
7.01 KECAMATAN,7.01,29.01 Sekretariat Kecamatan Ciomas,7.01.0.00.0.00.29.01,Sekretariat Kecamatan Ciomas,7.01.01 PROGRAM PENUNJANG URUSAN PEMERINTAHAN DAERAH KABUPATEN/KOTA,7.01.01.2.09 Pemeliharaan Barang Milik Daerah Penunjang Urusan Pemerintahan Daerah,7.01.01.2.09.02,"7.01.01.2.09.02 Penyediaan Jasa Pemeliharaan, Biaya Pemeliharaan, Pajak, dan Perizinan Kendaraan Dinas Operasional atau Lapangan",5.1.02.03.02.0035 Belanja Pemeliharaan Alat Angkutan-Alat Angkutan Darat Bermotor-Kendaraan Dinas Bermotor Perorangan,5.1.02.03.02.0035,21000000,0,21000000,0,0,0,0,0,0,0,0,0,0,21000000,0,
7.01 KECAMATAN,7.01,29.01 Sekretariat Kecamatan Ciomas,7.01.0.00.0.00.29.01,Sekretariat Kecamatan Ciomas,7.01.01 PROGRAM PENUNJANG URUSAN PEMERINTAHAN DAERAH KABUPATEN/KOTA,7.01.01.2.09 Pemeliharaan Barang Milik Daerah Penunjang Urusan Pemerintahan Daerah,7.01.01.2.09.02,"7.01.01.2.09.02 Penyediaan Jasa Pemeliharaan, Biaya Pemeliharaan, Pajak, dan Perizinan Kendaraan Dinas Operasional atau Lapangan",5.1.02.03.02.0038 Belanja Pemeliharaan Alat Angkutan-Alat Angkutan Darat Bermotor-Kendaraan Bermotor Beroda Dua,5.1.02.03.02.0038,4000000,0,4000000,0,0,0,0,0,0,0,0,0,0,4000000,0,
7.01 KECAMATAN,7.01,29.01 Sekretariat Kecamatan Ciomas,7.01.0.00.0.00.29.01,Sekretariat Kecamatan Ciomas,7.01.01 PROGRAM PENUNJANG URUSAN PEMERINTAHAN DAERAH KABUPATEN/KOTA,7.01.01.2.09 Pemeliharaan Barang Milik Daerah Penunjang Urusan Pemerintahan Daerah,7.01.01.2.09.10,7.01.01.2.09.10 Pemeliharaan/Rehabilitasi Sarana dan Prasarana Gedung Kantor atau Bangunan Lainnya,5.1.02.03.03.0001 Belanja Pemeliharaan Bangunan Gedung-Bangunan Gedung Tempat Kerja-Bangunan Gedung Kantor,5.1.02.03.03.0001,24920000,0,0,0,24920000,0,0,0,0,0,0,0,0,24920000,0,
7.01 KECAMATAN,7.01,29.01 Sekretariat Kecamatan Ciomas,7.01.0.00.0.00.29.01,Sekretariat Kecamatan Ciomas,7.01.02 PROGRAM PENYELENGGARAAN PEMERINTAHAN DAN PELAYANAN PUBLIK,7.01.02.2.01 Koordinasi Penyelenggaraan Kegiatan Pemerintahan di Tingkat Kecamatan,7.01.02.2.01.01,7.01.02.2.01.01 Koordinasi/Sinergi Perencanaan dan Pelaksanaan Kegiatan Pemerintahan dengan Perangkat Daerah dan Instansi Vertikal Terkait,5.1.02.01.01.0024 Belanja Alat/Bahan untuk Kegiatan Kantor-Alat Tulis Kantor,5.1.02.01.01.0024,702600,702600,0,0,0,0,0,0,0,0,0,0,0,702600,0,
7.01 KECAMATAN,7.01,29.01 Sekretariat Kecamatan Ciomas,7.01.0.00.0.00.29.01,Sekretariat Kecamatan Ciomas,7.01.02 PROGRAM PENYELENGGARAAN PEMERINTAHAN DAN PELAYANAN PUBLIK,7.01.02.2.01 Koordinasi Penyelenggaraan Kegiatan Pemerintahan di Tingkat Kecamatan,7.01.02.2.01.01,7.01.02.2.01.01 Koordinasi/Sinergi Perencanaan dan Pelaksanaan Kegiatan Pemerintahan dengan Perangkat Daerah dan Instansi Vertikal Terkait,5.1.02.01.01.0026 Belanja Alat/Bahan untuk Kegiatan Kantor- Bahan Cetak,5.1.02.01.01.0026,1906000,400000,0,0,0,0,1506000,0,0,0,0,0,0,1906000,0,
7.01 KECAMATAN,7.01,29.01 Sekretariat Kecamatan Ciomas,7.01.0.00.0.00.29.01,Sekretariat Kecamatan Ciomas,7.01.02 PROGRAM PENYELENGGARAAN PEMERINTAHAN DAN PELAYANAN PUBLIK,7.01.02.2.01 Koordinasi Penyelenggaraan Kegiatan Pemerintahan di Tingkat Kecamatan,7.01.02.2.01.01,7.01.02.2.01.01 Koordinasi/Sinergi Perencanaan dan Pelaksanaan Kegiatan Pemerintahan dengan Perangkat Daerah dan Instansi Vertikal Terkait,5.1.02.01.01.0052 Belanja Makanan dan Minuman Rapat,5.1.02.01.01.0052,35150000,1200000,1200000,1200000,1200000,1200000,21950000,1200000,1200000,1200000,1200000,1200000,1200000,35150000,0,
7.01 KECAMATAN,7.01,29.01 Sekretariat Kecamatan Ciomas,7.01.0.00.0.00.29.01,Sekretariat Kecamatan Ciomas,7.01.02 PROGRAM PENYELENGGARAAN PEMERINTAHAN DAN PELAYANAN PUBLIK,7.01.02.2.01 Koordinasi Penyelenggaraan Kegiatan Pemerintahan di Tingkat Kecamatan,7.01.02.2.01.01,7.01.02.2.01.01 Koordinasi/Sinergi Perencanaan dan Pelaksanaan Kegiatan Pemerintahan dengan Perangkat Daerah dan Instansi Vertikal Terkait,5.1.02.02.04.0118 Belanja Sewa Mebel,5.1.02.02.04.0118,8000000,0,0,0,0,0,8000000,0,0,0,0,0,0,8000000,0,
7.01 KECAMATAN,7.01,29.01 Sekretariat Kecamatan Ciomas,7.01.0.00.0.00.29.01,Sekretariat Kecamatan Ciomas,7.01.02 PROGRAM PENYELENGGARAAN PEMERINTAHAN DAN PELAYANAN PUBLIK,7.01.02.2.01 Koordinasi Penyelenggaraan Kegiatan Pemerintahan di Tingkat Kecamatan,7.01.02.2.01.01,7.01.02.2.01.01 Koordinasi/Sinergi Perencanaan dan Pelaksanaan Kegiatan Pemerintahan dengan Perangkat Daerah dan Instansi Vertikal Terkait,5.1.02.02.04.0132 Belanja Sewa Peralatan Studio Audio,5.1.02.02.04.0132,1500000,0,0,0,0,0,1500000,0,0,0,0,0,0,1500000,0,
7.01 KECAMATAN,7.01,29.01 Sekretariat Kecamatan Ciomas,7.01.0.00.0.00.29.01,Sekretariat Kecamatan Ciomas,7.01.02 PROGRAM PENYELENGGARAAN PEMERINTAHAN DAN PELAYANAN PUBLIK,7.01.02.2.01 Koordinasi Penyelenggaraan Kegiatan Pemerintahan di Tingkat Kecamatan,7.01.02.2.01.01,7.01.02.2.01.01 Koordinasi/Sinergi Perencanaan dan Pelaksanaan Kegiatan Pemerintahan dengan Perangkat Daerah dan Instansi Vertikal Terkait,5.1.02.02.04.0355 Belanja Sewa Peralatan Umum,5.1.02.02.04.0355,5000000,0,0,0,0,0,5000000,0,0,0,0,0,0,5000000,0,
7.01 KECAMATAN,7.01,29.01 Sekretariat Kecamatan Ciomas,7.01.0.00.0.00.29.01,Sekretariat Kecamatan Ciomas,7.01.02 PROGRAM PENYELENGGARAAN PEMERINTAHAN DAN PELAYANAN PUBLIK,7.01.02.2.01 Koordinasi Penyelenggaraan Kegiatan Pemerintahan di Tingkat Kecamatan,7.01.02.2.01.01,7.01.02.2.01.01 Koordinasi/Sinergi Perencanaan dan Pelaksanaan Kegiatan Pemerintahan dengan Perangkat Daerah dan Instansi Vertikal Terkait,5.1.02.04.01.0003 Belanja Perjalanan Dinas Dalam Kota,5.1.02.04.01.0003,1880000,1880000,0,0,0,0,0,0,0,0,0,0,0,1880000,0,
7.01 KECAMATAN,7.01,29.01 Sekretariat Kecamatan Ciomas,7.01.0.00.0.00.29.01,Sekretariat Kecamatan Ciomas,7.01.02 PROGRAM PENYELENGGARAAN PEMERINTAHAN DAN PELAYANAN PUBLIK,7.01.02.2.01 Koordinasi Penyelenggaraan Kegiatan Pemerintahan di Tingkat Kecamatan,7.01.02.2.01.02,7.01.02.2.01.02 Peningkatan Efektifitas Kegiatan Pemerintahan di Tingkat Kecamatan,5.1.02.01.01.0024 Belanja Alat/Bahan untuk Kegiatan Kantor-Alat Tulis Kantor,5.1.02.01.01.0024,945050,0,0,945050,0,0,0,0,0,0,0,0,0,945050,0,
7.01 KECAMATAN,7.01,29.01 Sekretariat Kecamatan Ciomas,7.01.0.00.0.00.29.01,Sekretariat Kecamatan Ciomas,7.01.02 PROGRAM PENYELENGGARAAN PEMERINTAHAN DAN PELAYANAN PUBLIK,7.01.02.2.01 Koordinasi Penyelenggaraan Kegiatan Pemerintahan di Tingkat Kecamatan,7.01.02.2.01.02,7.01.02.2.01.02 Peningkatan Efektifitas Kegiatan Pemerintahan di Tingkat Kecamatan,5.1.02.01.01.0026 Belanja Alat/Bahan untuk Kegiatan Kantor- Bahan Cetak,5.1.02.01.01.0026,558400,0,0,558400,0,0,0,0,0,0,0,0,0,558400,0,
7.01 KECAMATAN,7.01,29.01 Sekretariat Kecamatan Ciomas,7.01.0.00.0.00.29.01,Sekretariat Kecamatan Ciomas,7.01.02 PROGRAM PENYELENGGARAAN PEMERINTAHAN DAN PELAYANAN PUBLIK,7.01.02.2.01 Koordinasi Penyelenggaraan Kegiatan Pemerintahan di Tingkat Kecamatan,7.01.02.2.01.02,7.01.02.2.01.02 Peningkatan Efektifitas Kegiatan Pemerintahan di Tingkat Kecamatan,5.1.02.01.01.0052 Belanja Makanan dan Minuman Rapat,5.1.02.01.01.0052,8000000,0,0,8000000,0,0,0,0,0,0,0,0,0,8000000,0,
7.01 KECAMATAN,7.01,29.01 Sekretariat Kecamatan Ciomas,7.01.0.00.0.00.29.01,Sekretariat Kecamatan Ciomas,7.01.02 PROGRAM PENYELENGGARAAN PEMERINTAHAN DAN PELAYANAN PUBLIK,7.01.02.2.01 Koordinasi Penyelenggaraan Kegiatan Pemerintahan di Tingkat Kecamatan,7.01.02.2.01.02,7.01.02.2.01.02 Peningkatan Efektifitas Kegiatan Pemerintahan di Tingkat Kecamatan,5.1.02.04.01.0003 Belanja Perjalanan Dinas Dalam Kota,5.1.02.04.01.0003,10500000,0,0,0,10500000,0,0,0,0,0,0,0,0,10500000,0,
7.01 KECAMATAN,7.01,29.01 Sekretariat Kecamatan Ciomas,7.01.0.00.0.00.29.01,Sekretariat Kecamatan Ciomas,7.01.02 PROGRAM PENYELENGGARAAN PEMERINTAHAN DAN PELAYANAN PUBLIK,7.01.02.2.02 Penyelenggaraan Urusan Pemerintahan yang tidak Dilaksanakan oleh Unit Kerja Perangkat Daerah yang ada di Kecamatan,7.01.02.2.02.02,7.01.02.2.02.02 Fasilitasi Percepatan Pencapaian Standar Pelayanan Minimal di Wilayah Kecamatan,5.1.02.01.01.0024 Belanja Alat/Bahan untuk Kegiatan Kantor-Alat Tulis Kantor,5.1.02.01.01.0024,1693900,1693900,0,0,0,0,0,0,0,0,0,0,0,1693900,0,
7.01 KECAMATAN,7.01,29.01 Sekretariat Kecamatan Ciomas,7.01.0.00.0.00.29.01,Sekretariat Kecamatan Ciomas,7.01.02 PROGRAM PENYELENGGARAAN PEMERINTAHAN DAN PELAYANAN PUBLIK,7.01.02.2.02 Penyelenggaraan Urusan Pemerintahan yang tidak Dilaksanakan oleh Unit Kerja Perangkat Daerah yang ada di Kecamatan,7.01.02.2.02.02,7.01.02.2.02.02 Fasilitasi Percepatan Pencapaian Standar Pelayanan Minimal di Wilayah Kecamatan,5.1.02.01.01.0026 Belanja Alat/Bahan untuk Kegiatan Kantor- Bahan Cetak,5.1.02.01.01.0026,3159000,0,3159000,0,0,0,0,0,0,0,0,0,0,3159000,0,
7.01 KECAMATAN,7.01,29.01 Sekretariat Kecamatan Ciomas,7.01.0.00.0.00.29.01,Sekretariat Kecamatan Ciomas,7.01.02 PROGRAM PENYELENGGARAAN PEMERINTAHAN DAN PELAYANAN PUBLIK,7.01.02.2.02 Penyelenggaraan Urusan Pemerintahan yang tidak Dilaksanakan oleh Unit Kerja Perangkat Daerah yang ada di Kecamatan,7.01.02.2.02.02,7.01.02.2.02.02 Fasilitasi Percepatan Pencapaian Standar Pelayanan Minimal di Wilayah Kecamatan,5.1.02.01.01.0052 Belanja Makanan dan Minuman Rapat,5.1.02.01.01.0052,28000000,0,0,14000000,14000000,0,0,0,0,0,0,0,0,28000000,0,
7.01 KECAMATAN,7.01,29.01 Sekretariat Kecamatan Ciomas,7.01.0.00.0.00.29.01,Sekretariat Kecamatan Ciomas,7.01.02 PROGRAM PENYELENGGARAAN PEMERINTAHAN DAN PELAYANAN PUBLIK,7.01.02.2.02 Penyelenggaraan Urusan Pemerintahan yang tidak Dilaksanakan oleh Unit Kerja Perangkat Daerah yang ada di Kecamatan,7.01.02.2.02.02,7.01.02.2.02.02 Fasilitasi Percepatan Pencapaian Standar Pelayanan Minimal di Wilayah Kecamatan,"5.1.02.02.01.0003 Honorarium Narasumber atau Pembahas, Moderator, Pembawa Acara, dan Panitia",5.1.02.02.01.0003,9000000,1500000,1500000,1500000,1500000,0,1500000,1500000,0,0,0,0,0,9000000,0,
7.01 KECAMATAN,7.01,29.01 Sekretariat Kecamatan Ciomas,7.01.0.00.0.00.29.01,Sekretariat Kecamatan Ciomas,7.01.02 PROGRAM PENYELENGGARAAN PEMERINTAHAN DAN PELAYANAN PUBLIK,7.01.02.2.02 Penyelenggaraan Urusan Pemerintahan yang tidak Dilaksanakan oleh Unit Kerja Perangkat Daerah yang ada di Kecamatan,7.01.02.2.02.02,7.01.02.2.02.02 Fasilitasi Percepatan Pencapaian Standar Pelayanan Minimal di Wilayah Kecamatan,5.1.02.02.01.0014 Belanja Jasa Tenaga Kesehatan,5.1.02.02.01.0014,8400000,700000,700000,700000,700000,700000,700000,700000,700000,700000,700000,700000,700000,8400000,0,
7.01 KECAMATAN,7.01,29.01 Sekretariat Kecamatan Ciomas,7.01.0.00.0.00.29.01,Sekretariat Kecamatan Ciomas,7.01.02 PROGRAM PENYELENGGARAAN PEMERINTAHAN DAN PELAYANAN PUBLIK,7.01.02.2.02 Penyelenggaraan Urusan Pemerintahan yang tidak Dilaksanakan oleh Unit Kerja Perangkat Daerah yang ada di Kecamatan,7.01.02.2.02.02,7.01.02.2.02.02 Fasilitasi Percepatan Pencapaian Standar Pelayanan Minimal di Wilayah Kecamatan,5.1.02.04.01.0003 Belanja Perjalanan Dinas Dalam Kota,5.1.02.04.01.0003,24660000,0,0,12330000,0,0,12330000,0,0,0,0,0,0,24660000,0,
7.01 KECAMATAN,7.01,29.01 Sekretariat Kecamatan Ciomas,7.01.0.00.0.00.29.01,Sekretariat Kecamatan Ciomas,7.01.02 PROGRAM PENYELENGGARAAN PEMERINTAHAN DAN PELAYANAN PUBLIK,7.01.02.2.02 Penyelenggaraan Urusan Pemerintahan yang tidak Dilaksanakan oleh Unit Kerja Perangkat Daerah yang ada di Kecamatan,7.01.02.2.02.03,7.01.02.2.02.03 Peningkatan Efektifitas Pelaksanaan Pelayanan kepada Masyarakat di Wilayah Kecamatan,5.1.02.01.01.0024 Belanja Alat/Bahan untuk Kegiatan Kantor-Alat Tulis Kantor,5.1.02.01.01.0024,4419350,4419350,0,0,0,0,0,0,0,0,0,0,0,4419350,0,
7.01 KECAMATAN,7.01,29.01 Sekretariat Kecamatan Ciomas,7.01.0.00.0.00.29.01,Sekretariat Kecamatan Ciomas,7.01.02 PROGRAM PENYELENGGARAAN PEMERINTAHAN DAN PELAYANAN PUBLIK,7.01.02.2.02 Penyelenggaraan Urusan Pemerintahan yang tidak Dilaksanakan oleh Unit Kerja Perangkat Daerah yang ada di Kecamatan,7.01.02.2.02.03,7.01.02.2.02.03 Peningkatan Efektifitas Pelaksanaan Pelayanan kepada Masyarakat di Wilayah Kecamatan,5.1.02.01.01.0026 Belanja Alat/Bahan untuk Kegiatan Kantor- Bahan Cetak,5.1.02.01.01.0026,2906000,0,600000,800000,0,0,753000,753000,0,0,0,0,0,2906000,0,
7.01 KECAMATAN,7.01,29.01 Sekretariat Kecamatan Ciomas,7.01.0.00.0.00.29.01,Sekretariat Kecamatan Ciomas,7.01.02 PROGRAM PENYELENGGARAAN PEMERINTAHAN DAN PELAYANAN PUBLIK,7.01.02.2.02 Penyelenggaraan Urusan Pemerintahan yang tidak Dilaksanakan oleh Unit Kerja Perangkat Daerah yang ada di Kecamatan,7.01.02.2.02.03,7.01.02.2.02.03 Peningkatan Efektifitas Pelaksanaan Pelayanan kepada Masyarakat di Wilayah Kecamatan,5.1.02.01.01.0052 Belanja Makanan dan Minuman Rapat,5.1.02.01.01.0052,20000000,0,0,4000000,0,0,4000000,4000000,0,4000000,4000000,0,0,20000000,0,
7.01 KECAMATAN,7.01,29.01 Sekretariat Kecamatan Ciomas,7.01.0.00.0.00.29.01,Sekretariat Kecamatan Ciomas,7.01.02 PROGRAM PENYELENGGARAAN PEMERINTAHAN DAN PELAYANAN PUBLIK,7.01.02.2.02 Penyelenggaraan Urusan Pemerintahan yang tidak Dilaksanakan oleh Unit Kerja Perangkat Daerah yang ada di Kecamatan,7.01.02.2.02.03,7.01.02.2.02.03 Peningkatan Efektifitas Pelaksanaan Pelayanan kepada Masyarakat di Wilayah Kecamatan,5.1.02.04.01.0003 Belanja Perjalanan Dinas Dalam Kota,5.1.02.04.01.0003,22660000,0,22660000,0,0,0,0,0,0,0,0,0,0,22660000,0,
7.01 KECAMATAN,7.01,29.01 Sekretariat Kecamatan Ciomas,7.01.0.00.0.00.29.01,Sekretariat Kecamatan Ciomas,7.01.02 PROGRAM PENYELENGGARAAN PEMERINTAHAN DAN PELAYANAN PUBLIK,7.01.02.2.04 Pelaksanaan Urusan Pemerintahan yang Dilimpahkan kepada Camat,7.01.02.2.04.02,7.01.02.2.04.02 Pelaksanaan Urusan Pemerintahan yang terkait dengan Nonperizinan,5.1.02.01.01.0024 Belanja Alat/Bahan untuk Kegiatan Kantor-Alat Tulis Kantor,5.1.02.01.01.0024,1498000,0,1498000,0,0,0,0,0,0,0,0,0,0,1498000,0,
7.01 KECAMATAN,7.01,29.01 Sekretariat Kecamatan Ciomas,7.01.0.00.0.00.29.01,Sekretariat Kecamatan Ciomas,7.01.02 PROGRAM PENYELENGGARAAN PEMERINTAHAN DAN PELAYANAN PUBLIK,7.01.02.2.04 Pelaksanaan Urusan Pemerintahan yang Dilimpahkan kepada Camat,7.01.02.2.04.02,7.01.02.2.04.02 Pelaksanaan Urusan Pemerintahan yang terkait dengan Nonperizinan,5.1.02.01.01.0026 Belanja Alat/Bahan untuk Kegiatan Kantor- Bahan Cetak,5.1.02.01.01.0026,1000000,0,1000000,0,0,0,0,0,0,0,0,0,0,1000000,0,
7.01 KECAMATAN,7.01,29.01 Sekretariat Kecamatan Ciomas,7.01.0.00.0.00.29.01,Sekretariat Kecamatan Ciomas,7.01.02 PROGRAM PENYELENGGARAAN PEMERINTAHAN DAN PELAYANAN PUBLIK,7.01.02.2.04 Pelaksanaan Urusan Pemerintahan yang Dilimpahkan kepada Camat,7.01.02.2.04.02,7.01.02.2.04.02 Pelaksanaan Urusan Pemerintahan yang terkait dengan Nonperizinan,5.1.02.04.01.0003 Belanja Perjalanan Dinas Dalam Kota,5.1.02.04.01.0003,2640000,0,2640000,0,0,0,0,0,0,0,0,0,0,2640000,0,
7.01 KECAMATAN,7.01,29.01 Sekretariat Kecamatan Ciomas,7.01.0.00.0.00.29.01,Sekretariat Kecamatan Ciomas,7.01.03 PROGRAM PEMBERDAYAAN MASYARAKAT DESA DAN KELURAHAN,7.01.03.2.01 Koordinasi Kegiatan Pemberdayaan Desa,7.01.03.2.01.01,7.01.03.2.01.01 Peningkatan Partisipasi Masyarakat dalam Forum Musyawarah Perencanaan Pembangunan di Desa,5.1.02.01.01.0024 Belanja Alat/Bahan untuk Kegiatan Kantor-Alat Tulis Kantor,5.1.02.01.01.0024,143950,0,0,0,143950,0,0,0,0,0,0,0,0,143950,0,
7.01 KECAMATAN,7.01,29.01 Sekretariat Kecamatan Ciomas,7.01.0.00.0.00.29.01,Sekretariat Kecamatan Ciomas,7.01.03 PROGRAM PEMBERDAYAAN MASYARAKAT DESA DAN KELURAHAN,7.01.03.2.01 Koordinasi Kegiatan Pemberdayaan Desa,7.01.03.2.01.01,7.01.03.2.01.01 Peningkatan Partisipasi Masyarakat dalam Forum Musyawarah Perencanaan Pembangunan di Desa,5.1.02.01.01.0026 Belanja Alat/Bahan untuk Kegiatan Kantor- Bahan Cetak,5.1.02.01.01.0026,50000,0,0,0,50000,0,0,0,0,0,0,0,0,50000,0,
7.01 KECAMATAN,7.01,29.01 Sekretariat Kecamatan Ciomas,7.01.0.00.0.00.29.01,Sekretariat Kecamatan Ciomas,7.01.03 PROGRAM PEMBERDAYAAN MASYARAKAT DESA DAN KELURAHAN,7.01.03.2.01 Koordinasi Kegiatan Pemberdayaan Desa,7.01.03.2.01.01,7.01.03.2.01.01 Peningkatan Partisipasi Masyarakat dalam Forum Musyawarah Perencanaan Pembangunan di Desa,5.1.02.04.01.0003 Belanja Perjalanan Dinas Dalam Kota,5.1.02.04.01.0003,4950000,0,0,0,4950000,0,0,0,0,0,0,0,0,4950000,0,
7.01 KECAMATAN,7.01,29.01 Sekretariat Kecamatan Ciomas,7.01.0.00.0.00.29.01,Sekretariat Kecamatan Ciomas,7.01.03 PROGRAM PEMBERDAYAAN MASYARAKAT DESA DAN KELURAHAN,7.01.03.2.01 Koordinasi Kegiatan Pemberdayaan Desa,7.01.03.2.01.03,7.01.03.2.01.03 Peningkatan Efektifitas Kegiatan Pemberdayaan Masyarakat di Wilayah Kecamatan,5.1.02.01.01.0024 Belanja Alat/Bahan untuk Kegiatan Kantor-Alat Tulis Kantor,5.1.02.01.01.0024,640750,0,640750,0,0,0,0,0,0,0,0,0,0,640750,0,
7.01 KECAMATAN,7.01,29.01 Sekretariat Kecamatan Ciomas,7.01.0.00.0.00.29.01,Sekretariat Kecamatan Ciomas,7.01.03 PROGRAM PEMBERDAYAAN MASYARAKAT DESA DAN KELURAHAN,7.01.03.2.01 Koordinasi Kegiatan Pemberdayaan Desa,7.01.03.2.01.03,7.01.03.2.01.03 Peningkatan Efektifitas Kegiatan Pemberdayaan Masyarakat di Wilayah Kecamatan,5.1.02.01.01.0026 Belanja Alat/Bahan untuk Kegiatan Kantor- Bahan Cetak,5.1.02.01.01.0026,2759000,0,2759000,0,0,0,0,0,0,0,0,0,0,2759000,0,
7.01 KECAMATAN,7.01,29.01 Sekretariat Kecamatan Ciomas,7.01.0.00.0.00.29.01,Sekretariat Kecamatan Ciomas,7.01.03 PROGRAM PEMBERDAYAAN MASYARAKAT DESA DAN KELURAHAN,7.01.03.2.01 Koordinasi Kegiatan Pemberdayaan Desa,7.01.03.2.01.03,7.01.03.2.01.03 Peningkatan Efektifitas Kegiatan Pemberdayaan Masyarakat di Wilayah Kecamatan,5.1.02.01.01.0052 Belanja Makanan dan Minuman Rapat,5.1.02.01.01.0052,20000000,0,4000000,0,4000000,0,0,4000000,0,4000000,4000000,0,0,20000000,0,
7.01 KECAMATAN,7.01,29.01 Sekretariat Kecamatan Ciomas,7.01.0.00.0.00.29.01,Sekretariat Kecamatan Ciomas,7.01.03 PROGRAM PEMBERDAYAAN MASYARAKAT DESA DAN KELURAHAN,7.01.03.2.01 Koordinasi Kegiatan Pemberdayaan Desa,7.01.03.2.01.03,7.01.03.2.01.03 Peningkatan Efektifitas Kegiatan Pemberdayaan Masyarakat di Wilayah Kecamatan,5.1.02.04.01.0003 Belanja Perjalanan Dinas Dalam Kota,5.1.02.04.01.0003,13320000,0,13320000,0,0,0,0,0,0,0,0,0,0,13320000,0,
7.01 KECAMATAN,7.01,29.01 Sekretariat Kecamatan Ciomas,7.01.0.00.0.00.29.01,Sekretariat Kecamatan Ciomas,7.01.04 PROGRAM KOORDINASI KETENTRAMAN DAN KETERTIBAN UMUM,7.01.04.2.01 Koordinasi Upaya Penyelenggaraan Ketenteraman dan Ketertiban Umum,7.01.04.2.01.01,"7.01.04.2.01.01 Sinergitas dengan Kepolisian Negara Republik Indonesia, Tentara Nasional Indonesia dan Instansi Vertikal di Wilayah Kecamatan",5.1.02.01.01.0052 Belanja Makanan dan Minuman Rapat,5.1.02.01.01.0052,7875000,7875000,0,0,0,0,0,0,0,0,0,0,0,7875000,0,
7.01 KECAMATAN,7.01,29.01 Sekretariat Kecamatan Ciomas,7.01.0.00.0.00.29.01,Sekretariat Kecamatan Ciomas,7.01.04 PROGRAM KOORDINASI KETENTRAMAN DAN KETERTIBAN UMUM,7.01.04.2.01 Koordinasi Upaya Penyelenggaraan Ketenteraman dan Ketertiban Umum,7.01.04.2.01.01,"7.01.04.2.01.01 Sinergitas dengan Kepolisian Negara Republik Indonesia, Tentara Nasional Indonesia dan Instansi Vertikal di Wilayah Kecamatan",5.1.02.04.01.0003 Belanja Perjalanan Dinas Dalam Kota,5.1.02.04.01.0003,12120000,12120000,0,0,0,0,0,0,0,0,0,0,0,12120000,0,
7.01 KECAMATAN,7.01,29.01 Sekretariat Kecamatan Ciomas,7.01.0.00.0.00.29.01,Sekretariat Kecamatan Ciomas,7.01.04 PROGRAM KOORDINASI KETENTRAMAN DAN KETERTIBAN UMUM,7.01.04.2.02 Koordinasi Penerapan dan Penegakan Peraturan Daerah dan Peraturan Kepala Daerah,7.01.04.2.02.01,7.01.04.2.02.01 Koordinasi/Sinergi Dengan Perangkat Daerah yang Tugas dan Fungsinya di Bidang Penegakan Peraturan Perundang-Undangan dan/atau Kepolisian Negara Republik Indonesia,5.1.02.01.01.0024 Belanja Alat/Bahan untuk Kegiatan Kantor-Alat Tulis Kantor,5.1.02.01.01.0024,677800,677800,0,0,0,0,0,0,0,0,0,0,0,677800,0,
7.01 KECAMATAN,7.01,29.01 Sekretariat Kecamatan Ciomas,7.01.0.00.0.00.29.01,Sekretariat Kecamatan Ciomas,7.01.04 PROGRAM KOORDINASI KETENTRAMAN DAN KETERTIBAN UMUM,7.01.04.2.02 Koordinasi Penerapan dan Penegakan Peraturan Daerah dan Peraturan Kepala Daerah,7.01.04.2.02.01,7.01.04.2.02.01 Koordinasi/Sinergi Dengan Perangkat Daerah yang Tugas dan Fungsinya di Bidang Penegakan Peraturan Perundang-Undangan dan/atau Kepolisian Negara Republik Indonesia,5.1.02.01.01.0026 Belanja Alat/Bahan untuk Kegiatan Kantor- Bahan Cetak,5.1.02.01.01.0026,2800000,2800000,0,0,0,0,0,0,0,0,0,0,0,2800000,0,
7.01 KECAMATAN,7.01,29.01 Sekretariat Kecamatan Ciomas,7.01.0.00.0.00.29.01,Sekretariat Kecamatan Ciomas,7.01.04 PROGRAM KOORDINASI KETENTRAMAN DAN KETERTIBAN UMUM,7.01.04.2.02 Koordinasi Penerapan dan Penegakan Peraturan Daerah dan Peraturan Kepala Daerah,7.01.04.2.02.01,7.01.04.2.02.01 Koordinasi/Sinergi Dengan Perangkat Daerah yang Tugas dan Fungsinya di Bidang Penegakan Peraturan Perundang-Undangan dan/atau Kepolisian Negara Republik Indonesia,5.1.02.01.01.0052 Belanja Makanan dan Minuman Rapat,5.1.02.01.01.0052,11520000,11520000,0,0,0,0,0,0,0,0,0,0,0,11520000,0,
7.01 KECAMATAN,7.01,29.01 Sekretariat Kecamatan Ciomas,7.01.0.00.0.00.29.01,Sekretariat Kecamatan Ciomas,7.01.04 PROGRAM KOORDINASI KETENTRAMAN DAN KETERTIBAN UMUM,7.01.04.2.02 Koordinasi Penerapan dan Penegakan Peraturan Daerah dan Peraturan Kepala Daerah,7.01.04.2.02.01,7.01.04.2.02.01 Koordinasi/Sinergi Dengan Perangkat Daerah yang Tugas dan Fungsinya di Bidang Penegakan Peraturan Perundang-Undangan dan/atau Kepolisian Negara Republik Indonesia,5.1.02.04.01.0003 Belanja Perjalanan Dinas Dalam Kota,5.1.02.04.01.0003,12120000,12120000,0,0,0,0,0,0,0,0,0,0,0,12120000,0,
7.01 KECAMATAN,7.01,29.01 Sekretariat Kecamatan Ciomas,7.01.0.00.0.00.29.01,Sekretariat Kecamatan Ciomas,7.01.05 PROGRAM PENYELENGGARAAN URUSAN PEMERINTAHAN UMUM,7.01.05.2.01 Penyelenggaraan Urusan Pemerintahan Umum sesuai Penugasan Kepala Daerah,7.01.05.2.01.01,"7.01.05.2.01.01 Pembinaan Wawasan Kebangsaan dan Ketahanan Nasional dalam rangka Memantapkan Pengamalan Pancasila, Pelaksanaan Undang-Undang Dasar Negara Republik Indonesia Tahun 1945, Pelestarian Bhinneka Tunggal Ika serta Pemertahanan dan Pemeliharaan Keutuhan Negara Kesatuan Republik Indonesia",5.1.02.01.01.0024 Belanja Alat/Bahan untuk Kegiatan Kantor-Alat Tulis Kantor,5.1.02.01.01.0024,1066800,1066800,0,0,0,0,0,0,0,0,0,0,0,1066800,0,
7.01 KECAMATAN,7.01,29.01 Sekretariat Kecamatan Ciomas,7.01.0.00.0.00.29.01,Sekretariat Kecamatan Ciomas,7.01.05 PROGRAM PENYELENGGARAAN URUSAN PEMERINTAHAN UMUM,7.01.05.2.01 Penyelenggaraan Urusan Pemerintahan Umum sesuai Penugasan Kepala Daerah,7.01.05.2.01.01,"7.01.05.2.01.01 Pembinaan Wawasan Kebangsaan dan Ketahanan Nasional dalam rangka Memantapkan Pengamalan Pancasila, Pelaksanaan Undang-Undang Dasar Negara Republik Indonesia Tahun 1945, Pelestarian Bhinneka Tunggal Ika serta Pemertahanan dan Pemeliharaan Keutuhan Negara Kesatuan Republik Indonesia",5.1.02.01.01.0026 Belanja Alat/Bahan untuk Kegiatan Kantor- Bahan Cetak,5.1.02.01.01.0026,2282500,2282500,0,0,0,0,0,0,0,0,0,0,0,2282500,0,
7.01 KECAMATAN,7.01,29.01 Sekretariat Kecamatan Ciomas,7.01.0.00.0.00.29.01,Sekretariat Kecamatan Ciomas,7.01.05 PROGRAM PENYELENGGARAAN URUSAN PEMERINTAHAN UMUM,7.01.05.2.01 Penyelenggaraan Urusan Pemerintahan Umum sesuai Penugasan Kepala Daerah,7.01.05.2.01.01,"7.01.05.2.01.01 Pembinaan Wawasan Kebangsaan dan Ketahanan Nasional dalam rangka Memantapkan Pengamalan Pancasila, Pelaksanaan Undang-Undang Dasar Negara Republik Indonesia Tahun 1945, Pelestarian Bhinneka Tunggal Ika serta Pemertahanan dan Pemeliharaan Keutuhan Negara Kesatuan Republik Indonesia",5.1.02.01.01.0052 Belanja Makanan dan Minuman Rapat,5.1.02.01.01.0052,20000000,20000000,0,0,0,0,0,0,0,0,0,0,0,20000000,0,
7.01 KECAMATAN,7.01,29.01 Sekretariat Kecamatan Ciomas,7.01.0.00.0.00.29.01,Sekretariat Kecamatan Ciomas,7.01.05 PROGRAM PENYELENGGARAAN URUSAN PEMERINTAHAN UMUM,7.01.05.2.01 Penyelenggaraan Urusan Pemerintahan Umum sesuai Penugasan Kepala Daerah,7.01.05.2.01.01,"7.01.05.2.01.01 Pembinaan Wawasan Kebangsaan dan Ketahanan Nasional dalam rangka Memantapkan Pengamalan Pancasila, Pelaksanaan Undang-Undang Dasar Negara Republik Indonesia Tahun 1945, Pelestarian Bhinneka Tunggal Ika serta Pemertahanan dan Pemeliharaan Keutuhan Negara Kesatuan Republik Indonesia","5.1.02.02.01.0003 Honorarium Narasumber atau Pembahas, Moderator, Pembawa Acara, dan Panitia",5.1.02.02.01.0003,5250000,5250000,0,0,0,0,0,0,0,0,0,0,0,5250000,0,
7.01 KECAMATAN,7.01,29.01 Sekretariat Kecamatan Ciomas,7.01.0.00.0.00.29.01,Sekretariat Kecamatan Ciomas,7.01.05 PROGRAM PENYELENGGARAAN URUSAN PEMERINTAHAN UMUM,7.01.05.2.01 Penyelenggaraan Urusan Pemerintahan Umum sesuai Penugasan Kepala Daerah,7.01.05.2.01.01,"7.01.05.2.01.01 Pembinaan Wawasan Kebangsaan dan Ketahanan Nasional dalam rangka Memantapkan Pengamalan Pancasila, Pelaksanaan Undang-Undang Dasar Negara Republik Indonesia Tahun 1945, Pelestarian Bhinneka Tunggal Ika serta Pemertahanan dan Pemeliharaan Keutuhan Negara Kesatuan Republik Indonesia",5.1.02.02.04.0118 Belanja Sewa Mebel,5.1.02.02.04.0118,3000000,3000000,0,0,0,0,0,0,0,0,0,0,0,3000000,0,
7.01 KECAMATAN,7.01,29.01 Sekretariat Kecamatan Ciomas,7.01.0.00.0.00.29.01,Sekretariat Kecamatan Ciomas,7.01.05 PROGRAM PENYELENGGARAAN URUSAN PEMERINTAHAN UMUM,7.01.05.2.01 Penyelenggaraan Urusan Pemerintahan Umum sesuai Penugasan Kepala Daerah,7.01.05.2.01.01,"7.01.05.2.01.01 Pembinaan Wawasan Kebangsaan dan Ketahanan Nasional dalam rangka Memantapkan Pengamalan Pancasila, Pelaksanaan Undang-Undang Dasar Negara Republik Indonesia Tahun 1945, Pelestarian Bhinneka Tunggal Ika serta Pemertahanan dan Pemeliharaan Keutuhan Negara Kesatuan Republik Indonesia",5.1.02.02.04.0355 Belanja Sewa Peralatan Umum,5.1.02.02.04.0355,9450000,9450000,0,0,0,0,0,0,0,0,0,0,0,9450000,0,
7.01 KECAMATAN,7.01,29.01 Sekretariat Kecamatan Ciomas,7.01.0.00.0.00.29.01,Sekretariat Kecamatan Ciomas,7.01.05 PROGRAM PENYELENGGARAAN URUSAN PEMERINTAHAN UMUM,7.01.05.2.01 Penyelenggaraan Urusan Pemerintahan Umum sesuai Penugasan Kepala Daerah,7.01.05.2.01.01,"7.01.05.2.01.01 Pembinaan Wawasan Kebangsaan dan Ketahanan Nasional dalam rangka Memantapkan Pengamalan Pancasila, Pelaksanaan Undang-Undang Dasar Negara Republik Indonesia Tahun 1945, Pelestarian Bhinneka Tunggal Ika serta Pemertahanan dan Pemeliharaan Keutuhan Negara Kesatuan Republik Indonesia",5.1.02.04.01.0003 Belanja Perjalanan Dinas Dalam Kota,5.1.02.04.01.0003,2700000,2700000,0,0,0,0,0,0,0,0,0,0,0,2700000,0,
7.01 KECAMATAN,7.01,29.01 Sekretariat Kecamatan Ciomas,7.01.0.00.0.00.29.01,Sekretariat Kecamatan Ciomas,7.01.05 PROGRAM PENYELENGGARAAN URUSAN PEMERINTAHAN UMUM,7.01.05.2.01 Penyelenggaraan Urusan Pemerintahan Umum sesuai Penugasan Kepala Daerah,7.01.05.2.01.04,"7.01.05.2.01.04 Pembinaan Kerukunan Antarsuku dan Intrasuku, Umat Beragama, Ras, dan Golongan Lainnya Guna Mewujudkan Stabilitas Keamanan Lokal, Regional, dan Nasional",5.1.02.01.01.0026 Belanja Alat/Bahan untuk Kegiatan Kantor- Bahan Cetak,5.1.02.01.01.0026,11313000,0,0,0,11313000,0,0,0,0,0,0,0,0,11313000,0,
7.01 KECAMATAN,7.01,29.01 Sekretariat Kecamatan Ciomas,7.01.0.00.0.00.29.01,Sekretariat Kecamatan Ciomas,7.01.05 PROGRAM PENYELENGGARAAN URUSAN PEMERINTAHAN UMUM,7.01.05.2.01 Penyelenggaraan Urusan Pemerintahan Umum sesuai Penugasan Kepala Daerah,7.01.05.2.01.04,"7.01.05.2.01.04 Pembinaan Kerukunan Antarsuku dan Intrasuku, Umat Beragama, Ras, dan Golongan Lainnya Guna Mewujudkan Stabilitas Keamanan Lokal, Regional, dan Nasional",5.1.02.01.01.0052 Belanja Makanan dan Minuman Rapat,5.1.02.01.01.0052,19000000,0,0,0,19000000,0,0,0,0,0,0,0,0,19000000,0,
7.01 KECAMATAN,7.01,29.01 Sekretariat Kecamatan Ciomas,7.01.0.00.0.00.29.01,Sekretariat Kecamatan Ciomas,7.01.05 PROGRAM PENYELENGGARAAN URUSAN PEMERINTAHAN UMUM,7.01.05.2.01 Penyelenggaraan Urusan Pemerintahan Umum sesuai Penugasan Kepala Daerah,7.01.05.2.01.04,"7.01.05.2.01.04 Pembinaan Kerukunan Antarsuku dan Intrasuku, Umat Beragama, Ras, dan Golongan Lainnya Guna Mewujudkan Stabilitas Keamanan Lokal, Regional, dan Nasional",5.1.02.01.01.0075 Belanja Pakaian Batik Tradisional,5.1.02.01.01.0075,20000000,0,0,0,20000000,0,0,0,0,0,0,0,0,20000000,0,
7.01 KECAMATAN,7.01,29.01 Sekretariat Kecamatan Ciomas,7.01.0.00.0.00.29.01,Sekretariat Kecamatan Ciomas,7.01.05 PROGRAM PENYELENGGARAAN URUSAN PEMERINTAHAN UMUM,7.01.05.2.01 Penyelenggaraan Urusan Pemerintahan Umum sesuai Penugasan Kepala Daerah,7.01.05.2.01.04,"7.01.05.2.01.04 Pembinaan Kerukunan Antarsuku dan Intrasuku, Umat Beragama, Ras, dan Golongan Lainnya Guna Mewujudkan Stabilitas Keamanan Lokal, Regional, dan Nasional","5.1.02.02.01.0003 Honorarium Narasumber atau Pembahas, Moderator, Pembawa Acara, dan Panitia",5.1.02.02.01.0003,12100000,0,0,0,12100000,0,0,0,0,0,0,0,0,12100000,0,
7.01 KECAMATAN,7.01,29.01 Sekretariat Kecamatan Ciomas,7.01.0.00.0.00.29.01,Sekretariat Kecamatan Ciomas,7.01.05 PROGRAM PENYELENGGARAAN URUSAN PEMERINTAHAN UMUM,7.01.05.2.01 Penyelenggaraan Urusan Pemerintahan Umum sesuai Penugasan Kepala Daerah,7.01.05.2.01.04,"7.01.05.2.01.04 Pembinaan Kerukunan Antarsuku dan Intrasuku, Umat Beragama, Ras, dan Golongan Lainnya Guna Mewujudkan Stabilitas Keamanan Lokal, Regional, dan Nasional",5.1.02.02.04.0036 Belanja Sewa Kendaraan Bermotor Penumpang,5.1.02.02.04.0036,5000000,0,0,0,5000000,0,0,0,0,0,0,0,0,5000000,0,
7.01 KECAMATAN,7.01,29.01 Sekretariat Kecamatan Ciomas,7.01.0.00.0.00.29.01,Sekretariat Kecamatan Ciomas,7.01.05 PROGRAM PENYELENGGARAAN URUSAN PEMERINTAHAN UMUM,7.01.05.2.01 Penyelenggaraan Urusan Pemerintahan Umum sesuai Penugasan Kepala Daerah,7.01.05.2.01.04,"7.01.05.2.01.04 Pembinaan Kerukunan Antarsuku dan Intrasuku, Umat Beragama, Ras, dan Golongan Lainnya Guna Mewujudkan Stabilitas Keamanan Lokal, Regional, dan Nasional",5.1.02.02.04.0118 Belanja Sewa Mebel,5.1.02.02.04.0118,700000,0,0,0,700000,0,0,0,0,0,0,0,0,700000,0,
7.01 KECAMATAN,7.01,29.01 Sekretariat Kecamatan Ciomas,7.01.0.00.0.00.29.01,Sekretariat Kecamatan Ciomas,7.01.05 PROGRAM PENYELENGGARAAN URUSAN PEMERINTAHAN UMUM,7.01.05.2.01 Penyelenggaraan Urusan Pemerintahan Umum sesuai Penugasan Kepala Daerah,7.01.05.2.01.04,"7.01.05.2.01.04 Pembinaan Kerukunan Antarsuku dan Intrasuku, Umat Beragama, Ras, dan Golongan Lainnya Guna Mewujudkan Stabilitas Keamanan Lokal, Regional, dan Nasional",5.1.02.02.04.0132 Belanja Sewa Peralatan Studio Audio,5.1.02.02.04.0132,1500000,0,0,0,1500000,0,0,0,0,0,0,0,0,1500000,0,
7.01 KECAMATAN,7.01,29.01 Sekretariat Kecamatan Ciomas,7.01.0.00.0.00.29.01,Sekretariat Kecamatan Ciomas,7.01.05 PROGRAM PENYELENGGARAAN URUSAN PEMERINTAHAN UMUM,7.01.05.2.01 Penyelenggaraan Urusan Pemerintahan Umum sesuai Penugasan Kepala Daerah,7.01.05.2.01.04,"7.01.05.2.01.04 Pembinaan Kerukunan Antarsuku dan Intrasuku, Umat Beragama, Ras, dan Golongan Lainnya Guna Mewujudkan Stabilitas Keamanan Lokal, Regional, dan Nasional",5.1.02.02.04.0355 Belanja Sewa Peralatan Umum,5.1.02.02.04.0355,10250000,0,0,0,10250000,0,0,0,0,0,0,0,0,10250000,0,
7.01 KECAMATAN,7.01,29.01 Sekretariat Kecamatan Ciomas,7.01.0.00.0.00.29.01,Sekretariat Kecamatan Ciomas,7.01.05 PROGRAM PENYELENGGARAAN URUSAN PEMERINTAHAN UMUM,7.01.05.2.01 Penyelenggaraan Urusan Pemerintahan Umum sesuai Penugasan Kepala Daerah,7.01.05.2.01.04,"7.01.05.2.01.04 Pembinaan Kerukunan Antarsuku dan Intrasuku, Umat Beragama, Ras, dan Golongan Lainnya Guna Mewujudkan Stabilitas Keamanan Lokal, Regional, dan Nasional",5.1.02.02.05.0009 Belanja Sewa Bangunan Gedung Tempat Pertemuan,5.1.02.02.05.0009,9900000,0,0,0,9900000,0,0,0,0,0,0,0,0,9900000,0,
7.01 KECAMATAN,7.01,29.01 Sekretariat Kecamatan Ciomas,7.01.0.00.0.00.29.01,Sekretariat Kecamatan Ciomas,7.01.05 PROGRAM PENYELENGGARAAN URUSAN PEMERINTAHAN UMUM,7.01.05.2.01 Penyelenggaraan Urusan Pemerintahan Umum sesuai Penugasan Kepala Daerah,7.01.05.2.01.04,"7.01.05.2.01.04 Pembinaan Kerukunan Antarsuku dan Intrasuku, Umat Beragama, Ras, dan Golongan Lainnya Guna Mewujudkan Stabilitas Keamanan Lokal, Regional, dan Nasional",5.1.02.05.01.0001 Belanja Hadiah yang Bersifat Perlombaan,5.1.02.05.01.0001,37500000,0,0,0,37500000,0,0,0,0,0,0,0,0,37500000,0,
7.01 KECAMATAN,7.01,29.01 Sekretariat Kecamatan Ciomas,7.01.0.00.0.00.29.01,Sekretariat Kecamatan Ciomas,7.01.05 PROGRAM PENYELENGGARAAN URUSAN PEMERINTAHAN UMUM,7.01.05.2.01 Penyelenggaraan Urusan Pemerintahan Umum sesuai Penugasan Kepala Daerah,7.01.05.2.01.08,7.01.05.2.01.08 Pelaksanaan Tugas Forum Koordinasi Pimpinan di Kecamatan,5.1.02.01.01.0026 Belanja Alat/Bahan untuk Kegiatan Kantor- Bahan Cetak,5.1.02.01.01.0026,7200000,600000,600000,600000,600000,600000,600000,600000,600000,600000,600000,600000,600000,7200000,0,
7.01 KECAMATAN,7.01,29.01 Sekretariat Kecamatan Ciomas,7.01.0.00.0.00.29.01,Sekretariat Kecamatan Ciomas,7.01.05 PROGRAM PENYELENGGARAAN URUSAN PEMERINTAHAN UMUM,7.01.05.2.01 Penyelenggaraan Urusan Pemerintahan Umum sesuai Penugasan Kepala Daerah,7.01.05.2.01.08,7.01.05.2.01.08 Pelaksanaan Tugas Forum Koordinasi Pimpinan di Kecamatan,5.1.02.01.01.0052 Belanja Makanan dan Minuman Rapat,5.1.02.01.01.0052,14400000,1200000,1200000,1200000,1200000,1200000,1200000,1200000,1200000,1200000,1200000,1200000,1200000,14400000,0,
7.01 KECAMATAN,7.01,29.01 Sekretariat Kecamatan Ciomas,7.01.0.00.0.00.29.01,Sekretariat Kecamatan Ciomas,7.01.05 PROGRAM PENYELENGGARAAN URUSAN PEMERINTAHAN UMUM,7.01.05.2.01 Penyelenggaraan Urusan Pemerintahan Umum sesuai Penugasan Kepala Daerah,7.01.05.2.01.08,7.01.05.2.01.08 Pelaksanaan Tugas Forum Koordinasi Pimpinan di Kecamatan,5.1.02.02.01.0004 Honorarium Tim Pelaksana Kegiatan dan Sekretariat Tim Pelaksana Kegiatan,5.1.02.02.01.0004,22800000,1900000,1900000,1900000,1900000,1900000,1900000,1900000,1900000,1900000,1900000,1900000,1900000,22800000,0,
7.01 KECAMATAN,7.01,29.01 Sekretariat Kecamatan Ciomas,7.01.0.00.0.00.29.01,Sekretariat Kecamatan Ciomas,7.01.06 PROGRAM PEMBINAAN DAN PENGAWASAN PEMERINTAHAN DESA,"7.01.06.2.01 Fasilitasi, Rekomendasi dan Koordinasi Pembinaan dan Pengawasan Pemerintahan Desa",7.01.06.2.01.02,7.01.06.2.01.02 Fasilitasi Administrasi Tata Pemerintahan Desa,5.1.02.01.01.0024 Belanja Alat/Bahan untuk Kegiatan Kantor-Alat Tulis Kantor,5.1.02.01.01.0024,1066200,1066200,0,0,0,0,0,0,0,0,0,0,0,1066200,0,
7.01 KECAMATAN,7.01,29.01 Sekretariat Kecamatan Ciomas,7.01.0.00.0.00.29.01,Sekretariat Kecamatan Ciomas,7.01.06 PROGRAM PEMBINAAN DAN PENGAWASAN PEMERINTAHAN DESA,"7.01.06.2.01 Fasilitasi, Rekomendasi dan Koordinasi Pembinaan dan Pengawasan Pemerintahan Desa",7.01.06.2.01.02,7.01.06.2.01.02 Fasilitasi Administrasi Tata Pemerintahan Desa,5.1.02.01.01.0026 Belanja Alat/Bahan untuk Kegiatan Kantor- Bahan Cetak,5.1.02.01.01.0026,1733800,0,1207300,0,526500,0,0,0,0,0,0,0,0,1733800,0,
7.01 KECAMATAN,7.01,29.01 Sekretariat Kecamatan Ciomas,7.01.0.00.0.00.29.01,Sekretariat Kecamatan Ciomas,7.01.06 PROGRAM PEMBINAAN DAN PENGAWASAN PEMERINTAHAN DESA,"7.01.06.2.01 Fasilitasi, Rekomendasi dan Koordinasi Pembinaan dan Pengawasan Pemerintahan Desa",7.01.06.2.01.02,7.01.06.2.01.02 Fasilitasi Administrasi Tata Pemerintahan Desa,5.1.02.01.01.0052 Belanja Makanan dan Minuman Rapat,5.1.02.01.01.0052,13200000,0,4400000,0,4400000,0,0,4400000,0,0,0,0,0,13200000,0,
7.01 KECAMATAN,7.01,29.01 Sekretariat Kecamatan Ciomas,7.01.0.00.0.00.29.01,Sekretariat Kecamatan Ciomas,7.01.06 PROGRAM PEMBINAAN DAN PENGAWASAN PEMERINTAHAN DESA,"7.01.06.2.01 Fasilitasi, Rekomendasi dan Koordinasi Pembinaan dan Pengawasan Pemerintahan Desa",7.01.06.2.01.03,7.01.06.2.01.03 Fasilitasi Pengelolaan Keuangan Desa dan Pendayagunaan Aset Desa,5.1.02.01.01.0024 Belanja Alat/Bahan untuk Kegiatan Kantor-Alat Tulis Kantor,5.1.02.01.01.0024,569600,0,0,0,569600,0,0,0,0,0,0,0,0,569600,0,
7.01 KECAMATAN,7.01,29.01 Sekretariat Kecamatan Ciomas,7.01.0.00.0.00.29.01,Sekretariat Kecamatan Ciomas,7.01.06 PROGRAM PEMBINAAN DAN PENGAWASAN PEMERINTAHAN DESA,"7.01.06.2.01 Fasilitasi, Rekomendasi dan Koordinasi Pembinaan dan Pengawasan Pemerintahan Desa",7.01.06.2.01.03,7.01.06.2.01.03 Fasilitasi Pengelolaan Keuangan Desa dan Pendayagunaan Aset Desa,5.1.02.01.01.0026 Belanja Alat/Bahan untuk Kegiatan Kantor- Bahan Cetak,5.1.02.01.01.0026,330400,0,0,0,330400,0,0,0,0,0,0,0,0,330400,0,
7.01 KECAMATAN,7.01,29.01 Sekretariat Kecamatan Ciomas,7.01.0.00.0.00.29.01,Sekretariat Kecamatan Ciomas,7.01.06 PROGRAM PEMBINAAN DAN PENGAWASAN PEMERINTAHAN DESA,"7.01.06.2.01 Fasilitasi, Rekomendasi dan Koordinasi Pembinaan dan Pengawasan Pemerintahan Desa",7.01.06.2.01.03,7.01.06.2.01.03 Fasilitasi Pengelolaan Keuangan Desa dan Pendayagunaan Aset Desa,5.1.02.01.01.0052 Belanja Makanan dan Minuman Rapat,5.1.02.01.01.0052,1600000,0,0,0,1600000,0,0,0,0,0,0,0,0,1600000,0,
7.01 KECAMATAN,7.01,29.01 Sekretariat Kecamatan Ciomas,7.01.0.00.0.00.29.01,Sekretariat Kecamatan Ciomas,7.01.06 PROGRAM PEMBINAAN DAN PENGAWASAN PEMERINTAHAN DESA,"7.01.06.2.01 Fasilitasi, Rekomendasi dan Koordinasi Pembinaan dan Pengawasan Pemerintahan Desa",7.01.06.2.01.05,7.01.06.2.01.05 Fasilitasi Pelaksanaan Tugas Kepala Desa dan Perangkat Desa,5.1.02.01.01.0024 Belanja Alat/Bahan untuk Kegiatan Kantor-Alat Tulis Kantor,5.1.02.01.01.0024,411100,0,0,0,0,0,0,411100,0,0,0,0,0,411100,0,
7.01 KECAMATAN,7.01,29.01 Sekretariat Kecamatan Ciomas,7.01.0.00.0.00.29.01,Sekretariat Kecamatan Ciomas,7.01.06 PROGRAM PEMBINAAN DAN PENGAWASAN PEMERINTAHAN DESA,"7.01.06.2.01 Fasilitasi, Rekomendasi dan Koordinasi Pembinaan dan Pengawasan Pemerintahan Desa",7.01.06.2.01.05,7.01.06.2.01.05 Fasilitasi Pelaksanaan Tugas Kepala Desa dan Perangkat Desa,5.1.02.01.01.0026 Belanja Alat/Bahan untuk Kegiatan Kantor- Bahan Cetak,5.1.02.01.01.0026,788900,0,0,0,0,0,0,788900,0,0,0,0,0,788900,0,
7.01 KECAMATAN,7.01,29.01 Sekretariat Kecamatan Ciomas,7.01.0.00.0.00.29.01,Sekretariat Kecamatan Ciomas,7.01.06 PROGRAM PEMBINAAN DAN PENGAWASAN PEMERINTAHAN DESA,"7.01.06.2.01 Fasilitasi, Rekomendasi dan Koordinasi Pembinaan dan Pengawasan Pemerintahan Desa",7.01.06.2.01.05,7.01.06.2.01.05 Fasilitasi Pelaksanaan Tugas Kepala Desa dan Perangkat Desa,5.1.02.01.01.0052 Belanja Makanan dan Minuman Rapat,5.1.02.01.01.0052,2000000,0,0,0,0,0,0,2000000,0,0,0,0,0,2000000,0,
7.01 KECAMATAN,7.01,29.01 Sekretariat Kecamatan Ciomas,7.01.0.00.0.00.29.01,Sekretariat Kecamatan Ciomas,7.01.06 PROGRAM PEMBINAAN DAN PENGAWASAN PEMERINTAHAN DESA,"7.01.06.2.01 Fasilitasi, Rekomendasi dan Koordinasi Pembinaan dan Pengawasan Pemerintahan Desa",7.01.06.2.01.07,7.01.06.2.01.07 Fasilitasi Pelaksanaan Tugas dan Fungsi Badan Permusyawaratan Desa,5.1.02.01.01.0024 Belanja Alat/Bahan untuk Kegiatan Kantor-Alat Tulis Kantor,5.1.02.01.01.0024,510000,0,0,510000,0,0,0,0,0,0,0,0,0,510000,0,
7.01 KECAMATAN,7.01,29.01 Sekretariat Kecamatan Ciomas,7.01.0.00.0.00.29.01,Sekretariat Kecamatan Ciomas,7.01.06 PROGRAM PEMBINAAN DAN PENGAWASAN PEMERINTAHAN DESA,"7.01.06.2.01 Fasilitasi, Rekomendasi dan Koordinasi Pembinaan dan Pengawasan Pemerintahan Desa",7.01.06.2.01.07,7.01.06.2.01.07 Fasilitasi Pelaksanaan Tugas dan Fungsi Badan Permusyawaratan Desa,5.1.02.01.01.0026 Belanja Alat/Bahan untuk Kegiatan Kantor- Bahan Cetak,5.1.02.01.01.0026,290000,0,0,290000,0,0,0,0,0,0,0,0,0,290000,0,
7.01 KECAMATAN,7.01,29.01 Sekretariat Kecamatan Ciomas,7.01.0.00.0.00.29.01,Sekretariat Kecamatan Ciomas,7.01.06 PROGRAM PEMBINAAN DAN PENGAWASAN PEMERINTAHAN DESA,"7.01.06.2.01 Fasilitasi, Rekomendasi dan Koordinasi Pembinaan dan Pengawasan Pemerintahan Desa",7.01.06.2.01.07,7.01.06.2.01.07 Fasilitasi Pelaksanaan Tugas dan Fungsi Badan Permusyawaratan Desa,5.1.02.01.01.0052 Belanja Makanan dan Minuman Rapat,5.1.02.01.01.0052,1200000,0,0,1200000,0,0,0,0,0,0,0,0,0,1200000,0,
7.01 KECAMATAN,7.01,29.01 Sekretariat Kecamatan Ciomas,7.01.0.00.0.00.29.01,Sekretariat Kecamatan Ciomas,7.01.06 PROGRAM PEMBINAAN DAN PENGAWASAN PEMERINTAHAN DESA,"7.01.06.2.01 Fasilitasi, Rekomendasi dan Koordinasi Pembinaan dan Pengawasan Pemerintahan Desa",7.01.06.2.01.09,7.01.06.2.01.09 Fasilitasi Sinkronisasi Perencanaan Pembangunan Daerah dengan Pembangunan Desa,5.1.02.01.01.0024 Belanja Alat/Bahan untuk Kegiatan Kantor-Alat Tulis Kantor,5.1.02.01.01.0024,888000,0,0,888000,0,0,0,0,0,0,0,0,0,888000,0,
7.01 KECAMATAN,7.01,29.01 Sekretariat Kecamatan Ciomas,7.01.0.00.0.00.29.01,Sekretariat Kecamatan Ciomas,7.01.06 PROGRAM PEMBINAAN DAN PENGAWASAN PEMERINTAHAN DESA,"7.01.06.2.01 Fasilitasi, Rekomendasi dan Koordinasi Pembinaan dan Pengawasan Pemerintahan Desa",7.01.06.2.01.09,7.01.06.2.01.09 Fasilitasi Sinkronisasi Perencanaan Pembangunan Daerah dengan Pembangunan Desa,5.1.02.01.01.0026 Belanja Alat/Bahan untuk Kegiatan Kantor- Bahan Cetak,5.1.02.01.01.0026,612000,0,0,612000,0,0,0,0,0,0,0,0,0,612000,0,
7.01 KECAMATAN,7.01,29.01 Sekretariat Kecamatan Ciomas,7.01.0.00.0.00.29.01,Sekretariat Kecamatan Ciomas,7.01.06 PROGRAM PEMBINAAN DAN PENGAWASAN PEMERINTAHAN DESA,"7.01.06.2.01 Fasilitasi, Rekomendasi dan Koordinasi Pembinaan dan Pengawasan Pemerintahan Desa",7.01.06.2.01.09,7.01.06.2.01.09 Fasilitasi Sinkronisasi Perencanaan Pembangunan Daerah dengan Pembangunan Desa,5.1.02.01.01.0052 Belanja Makanan dan Minuman Rapat,5.1.02.01.01.0052,4000000,0,0,2000000,2000000,0,0,0,0,0,0,0,0,4000000,0,
7.01 KECAMATAN,7.01,29.01 Sekretariat Kecamatan Ciomas,7.01.0.00.0.00.29.01,Sekretariat Kecamatan Ciomas,7.01.06 PROGRAM PEMBINAAN DAN PENGAWASAN PEMERINTAHAN DESA,"7.01.06.2.01 Fasilitasi, Rekomendasi dan Koordinasi Pembinaan dan Pengawasan Pemerintahan Desa",7.01.06.2.01.09,7.01.06.2.01.09 Fasilitasi Sinkronisasi Perencanaan Pembangunan Daerah dengan Pembangunan Desa,5.1.02.04.01.0003 Belanja Perjalanan Dinas Dalam Kota,5.1.02.04.01.0003,4500000,0,0,0,4500000,0,0,0,0,0,0,0,0,4500000,0,
7.01 KECAMATAN,7.01,29.01 Sekretariat Kecamatan Ciomas,7.01.0.00.0.00.29.01,Sekretariat Kecamatan Ciomas,7.01.06 PROGRAM PEMBINAAN DAN PENGAWASAN PEMERINTAHAN DESA,"7.01.06.2.01 Fasilitasi, Rekomendasi dan Koordinasi Pembinaan dan Pengawasan Pemerintahan Desa",7.01.06.2.01.13,7.01.06.2.01.13 Fasilitasi Penyusunan Perencanaan Pembangunan Partisipatif,5.1.02.01.01.0024 Belanja Alat/Bahan untuk Kegiatan Kantor-Alat Tulis Kantor,5.1.02.01.01.0024,2239600,2239600,0,0,0,0,0,0,0,0,0,0,0,2239600,0,
7.01 KECAMATAN,7.01,29.01 Sekretariat Kecamatan Ciomas,7.01.0.00.0.00.29.01,Sekretariat Kecamatan Ciomas,7.01.06 PROGRAM PEMBINAAN DAN PENGAWASAN PEMERINTAHAN DESA,"7.01.06.2.01 Fasilitasi, Rekomendasi dan Koordinasi Pembinaan dan Pengawasan Pemerintahan Desa",7.01.06.2.01.13,7.01.06.2.01.13 Fasilitasi Penyusunan Perencanaan Pembangunan Partisipatif,5.1.02.01.01.0026 Belanja Alat/Bahan untuk Kegiatan Kantor- Bahan Cetak,5.1.02.01.01.0026,7250400,7250400,0,0,0,0,0,0,0,0,0,0,0,7250400,0,
7.01 KECAMATAN,7.01,29.01 Sekretariat Kecamatan Ciomas,7.01.0.00.0.00.29.01,Sekretariat Kecamatan Ciomas,7.01.06 PROGRAM PEMBINAAN DAN PENGAWASAN PEMERINTAHAN DESA,"7.01.06.2.01 Fasilitasi, Rekomendasi dan Koordinasi Pembinaan dan Pengawasan Pemerintahan Desa",7.01.06.2.01.13,7.01.06.2.01.13 Fasilitasi Penyusunan Perencanaan Pembangunan Partisipatif,5.1.02.01.01.0052 Belanja Makanan dan Minuman Rapat,5.1.02.01.01.0052,11200000,11200000,0,0,0,0,0,0,0,0,0,0,0,11200000,0,
7.01 KECAMATAN,7.01,29.01 Sekretariat Kecamatan Ciomas,7.01.0.00.0.00.29.01,Sekretariat Kecamatan Ciomas,7.01.06 PROGRAM PEMBINAAN DAN PENGAWASAN PEMERINTAHAN DESA,"7.01.06.2.01 Fasilitasi, Rekomendasi dan Koordinasi Pembinaan dan Pengawasan Pemerintahan Desa",7.01.06.2.01.13,7.01.06.2.01.13 Fasilitasi Penyusunan Perencanaan Pembangunan Partisipatif,5.1.02.02.04.0118 Belanja Sewa Mebel,5.1.02.02.04.0118,4000000,4000000,0,0,0,0,0,0,0,0,0,0,0,4000000,0,
7.01 KECAMATAN,7.01,29.01 Sekretariat Kecamatan Ciomas,7.01.0.00.0.00.29.01,Sekretariat Kecamatan Ciomas,7.01.06 PROGRAM PEMBINAAN DAN PENGAWASAN PEMERINTAHAN DESA,"7.01.06.2.01 Fasilitasi, Rekomendasi dan Koordinasi Pembinaan dan Pengawasan Pemerintahan Desa",7.01.06.2.01.13,7.01.06.2.01.13 Fasilitasi Penyusunan Perencanaan Pembangunan Partisipatif,5.1.02.02.04.0132 Belanja Sewa Peralatan Studio Audio,5.1.02.02.04.0132,1500000,1500000,0,0,0,0,0,0,0,0,0,0,0,1500000,0,
7.01 KECAMATAN,7.01,29.01 Sekretariat Kecamatan Ciomas,7.01.0.00.0.00.29.01,Sekretariat Kecamatan Ciomas,7.01.06 PROGRAM PEMBINAAN DAN PENGAWASAN PEMERINTAHAN DESA,"7.01.06.2.01 Fasilitasi, Rekomendasi dan Koordinasi Pembinaan dan Pengawasan Pemerintahan Desa",7.01.06.2.01.13,7.01.06.2.01.13 Fasilitasi Penyusunan Perencanaan Pembangunan Partisipatif,5.1.02.02.04.0355 Belanja Sewa Peralatan Umum,5.1.02.02.04.0355,900000,900000,0,0,0,0,0,0,0,0,0,0,0,900000,0,
7.01 KECAMATAN,7.01,29.01 Sekretariat Kecamatan Ciomas,7.01.0.00.0.00.29.01,Sekretariat Kecamatan Ciomas,7.01.06 PROGRAM PEMBINAAN DAN PENGAWASAN PEMERINTAHAN DESA,"7.01.06.2.01 Fasilitasi, Rekomendasi dan Koordinasi Pembinaan dan Pengawasan Pemerintahan Desa",7.01.06.2.01.13,7.01.06.2.01.13 Fasilitasi Penyusunan Perencanaan Pembangunan Partisipatif,5.1.02.04.01.0003 Belanja Perjalanan Dinas Dalam Kota,5.1.02.04.01.0003,9910000,9910000,0,0,0,0,0,0,0,0,0,0,0,9910000,0,
7.01 KECAMATAN,7.01,29.01 Sekretariat Kecamatan Ciomas,7.01.0.00.0.00.29.01,Sekretariat Kecamatan Ciomas,7.01.06 PROGRAM PEMBINAAN DAN PENGAWASAN PEMERINTAHAN DESA,"7.01.06.2.01 Fasilitasi, Rekomendasi dan Koordinasi Pembinaan dan Pengawasan Pemerintahan Desa",7.01.06.2.01.17,7.01.06.2.01.17 Koordinasi Pendampingan Desa di Wilayahnya,5.1.02.01.01.0024 Belanja Alat/Bahan untuk Kegiatan Kantor-Alat Tulis Kantor,5.1.02.01.01.0024,995400,0,995400,0,0,0,0,0,0,0,0,0,0,995400,0,
7.01 KECAMATAN,7.01,29.01 Sekretariat Kecamatan Ciomas,7.01.0.00.0.00.29.01,Sekretariat Kecamatan Ciomas,7.01.06 PROGRAM PEMBINAAN DAN PENGAWASAN PEMERINTAHAN DESA,"7.01.06.2.01 Fasilitasi, Rekomendasi dan Koordinasi Pembinaan dan Pengawasan Pemerintahan Desa",7.01.06.2.01.17,7.01.06.2.01.17 Koordinasi Pendampingan Desa di Wilayahnya,5.1.02.01.01.0026 Belanja Alat/Bahan untuk Kegiatan Kantor- Bahan Cetak,5.1.02.01.01.0026,5516600,0,5516600,0,0,0,0,0,0,0,0,0,0,5516600,0,
7.01 KECAMATAN,7.01,29.01 Sekretariat Kecamatan Ciomas,7.01.0.00.0.00.29.01,Sekretariat Kecamatan Ciomas,7.01.06 PROGRAM PEMBINAAN DAN PENGAWASAN PEMERINTAHAN DESA,"7.01.06.2.01 Fasilitasi, Rekomendasi dan Koordinasi Pembinaan dan Pengawasan Pemerintahan Desa",7.01.06.2.01.17,7.01.06.2.01.17 Koordinasi Pendampingan Desa di Wilayahnya,5.1.02.01.01.0052 Belanja Makanan dan Minuman Rapat,5.1.02.01.01.0052,9800000,0,2000000,0,0,0,2000000,3800000,0,0,2000000,0,0,9800000,0,
7.01 KECAMATAN,7.01,29.01 Sekretariat Kecamatan Ciomas,7.01.0.00.0.00.29.01,Sekretariat Kecamatan Ciomas,7.01.06 PROGRAM PEMBINAAN DAN PENGAWASAN PEMERINTAHAN DESA,"7.01.06.2.01 Fasilitasi, Rekomendasi dan Koordinasi Pembinaan dan Pengawasan Pemerintahan Desa",7.01.06.2.01.17,7.01.06.2.01.17 Koordinasi Pendampingan Desa di Wilayahnya,5.1.02.04.01.0003 Belanja Perjalanan Dinas Dalam Kota,5.1.02.04.01.0003,18670000,0,0,18670000,0,0,0,0,0,0,0,0,0,18670000,0,
7.01 KECAMATAN,7.01,29.01 Sekretariat Kecamatan Ciomas,7.01.0.00.0.00.29.01,Sekretariat Kecamatan Ciomas,7.01.06 PROGRAM PEMBINAAN DAN PENGAWASAN PEMERINTAHAN DESA,"7.01.06.2.01 Fasilitasi, Rekomendasi dan Koordinasi Pembinaan dan Pengawasan Pemerintahan Desa",7.01.06.2.01.18,7.01.06.2.01.18 Koordinasi Pelaksanaan Pembangunan Kawasan Perdesaan di Wilayah Kecamatan,5.1.02.01.01.0024 Belanja Alat/Bahan untuk Kegiatan Kantor-Alat Tulis Kantor,5.1.02.01.01.0024,1382000,0,0,1382000,0,0,0,0,0,0,0,0,0,1382000,0,
7.01 KECAMATAN,7.01,29.01 Sekretariat Kecamatan Ciomas,7.01.0.00.0.00.29.01,Sekretariat Kecamatan Ciomas,7.01.06 PROGRAM PEMBINAAN DAN PENGAWASAN PEMERINTAHAN DESA,"7.01.06.2.01 Fasilitasi, Rekomendasi dan Koordinasi Pembinaan dan Pengawasan Pemerintahan Desa",7.01.06.2.01.18,7.01.06.2.01.18 Koordinasi Pelaksanaan Pembangunan Kawasan Perdesaan di Wilayah Kecamatan,5.1.02.01.01.0026 Belanja Alat/Bahan untuk Kegiatan Kantor- Bahan Cetak,5.1.02.01.01.0026,1293000,0,0,1293000,0,0,0,0,0,0,0,0,0,1293000,0,
7.01 KECAMATAN,7.01,29.01 Sekretariat Kecamatan Ciomas,7.01.0.00.0.00.29.01,Sekretariat Kecamatan Ciomas,7.01.06 PROGRAM PEMBINAAN DAN PENGAWASAN PEMERINTAHAN DESA,"7.01.06.2.01 Fasilitasi, Rekomendasi dan Koordinasi Pembinaan dan Pengawasan Pemerintahan Desa",7.01.06.2.01.18,7.01.06.2.01.18 Koordinasi Pelaksanaan Pembangunan Kawasan Perdesaan di Wilayah Kecamatan,5.1.02.01.01.0052 Belanja Makanan dan Minuman Rapat,5.1.02.01.01.0052,4800000,0,0,4800000,0,0,0,0,0,0,0,0,0,4800000,0,
7.01 KECAMATAN,7.01,29.01 Sekretariat Kecamatan Ciomas,7.01.0.00.0.00.29.01,Sekretariat Kecamatan Ciomas,7.01.06 PROGRAM PEMBINAAN DAN PENGAWASAN PEMERINTAHAN DESA,"7.01.06.2.01 Fasilitasi, Rekomendasi dan Koordinasi Pembinaan dan Pengawasan Pemerintahan Desa",7.01.06.2.01.18,7.01.06.2.01.18 Koordinasi Pelaksanaan Pembangunan Kawasan Perdesaan di Wilayah Kecamatan,5.1.02.04.01.0003 Belanja Perjalanan Dinas Dalam Kota,5.1.02.04.01.0003,7525000,0,0,7525000,0,0,0,0,0,0,0,0,0,7525000,0,
7.01 KECAMATAN,7.01,29.02 Kelurahan Padasuka,7.01.0.00.0.00.29.02,Kelurahan Padasuka,7.01.03 PROGRAM PEMBERDAYAAN MASYARAKAT DESA DAN KELURAHAN,7.01.03.2.02 Kegiatan Pemberdayaan Kelurahan,7.01.03.2.02.01,7.01.03.2.02.01 Peningkatan Partisipasi Masyarakat dalam Forum Musyawarah Perencanaan Pembangunan di Kelurahan,5.1.02.01.01.0024 Belanja Alat/Bahan untuk Kegiatan Kantor-Alat Tulis Kantor,5.1.02.01.01.0024,1303550,1303550,0,0,0,0,0,0,0,0,0,0,0,1303550,0,
7.01 KECAMATAN,7.01,29.02 Kelurahan Padasuka,7.01.0.00.0.00.29.02,Kelurahan Padasuka,7.01.03 PROGRAM PEMBERDAYAAN MASYARAKAT DESA DAN KELURAHAN,7.01.03.2.02 Kegiatan Pemberdayaan Kelurahan,7.01.03.2.02.01,7.01.03.2.02.01 Peningkatan Partisipasi Masyarakat dalam Forum Musyawarah Perencanaan Pembangunan di Kelurahan,5.1.02.01.01.0026 Belanja Alat/Bahan untuk Kegiatan Kantor- Bahan Cetak,5.1.02.01.01.0026,737500,737500,0,0,0,0,0,0,0,0,0,0,0,737500,0,
7.01 KECAMATAN,7.01,29.02 Kelurahan Padasuka,7.01.0.00.0.00.29.02,Kelurahan Padasuka,7.01.03 PROGRAM PEMBERDAYAAN MASYARAKAT DESA DAN KELURAHAN,7.01.03.2.02 Kegiatan Pemberdayaan Kelurahan,7.01.03.2.02.01,7.01.03.2.02.01 Peningkatan Partisipasi Masyarakat dalam Forum Musyawarah Perencanaan Pembangunan di Kelurahan,5.1.02.01.01.0052 Belanja Makanan dan Minuman Rapat,5.1.02.01.01.0052,10000000,10000000,0,0,0,0,0,0,0,0,0,0,0,10000000,0,
7.01 KECAMATAN,7.01,29.02 Kelurahan Padasuka,7.01.0.00.0.00.29.02,Kelurahan Padasuka,7.01.03 PROGRAM PEMBERDAYAAN MASYARAKAT DESA DAN KELURAHAN,7.01.03.2.02 Kegiatan Pemberdayaan Kelurahan,7.01.03.2.02.01,7.01.03.2.02.01 Peningkatan Partisipasi Masyarakat dalam Forum Musyawarah Perencanaan Pembangunan di Kelurahan,5.1.02.02.04.0355 Belanja Sewa Peralatan Umum,5.1.02.02.04.0355,900000,900000,0,0,0,0,0,0,0,0,0,0,0,900000,0,
7.01 KECAMATAN,7.01,29.02 Kelurahan Padasuka,7.01.0.00.0.00.29.02,Kelurahan Padasuka,7.01.03 PROGRAM PEMBERDAYAAN MASYARAKAT DESA DAN KELURAHAN,7.01.03.2.02 Kegiatan Pemberdayaan Kelurahan,7.01.03.2.02.02,7.01.03.2.02.02 Pembangunan Sarana dan Prasarana Kelurahan,5.1.02.01.01.0024 Belanja Alat/Bahan untuk Kegiatan Kantor-Alat Tulis Kantor,5.1.02.01.01.0024,1932500,0,0,0,0,0,969550,0,0,962950,0,0,0,1932500,0,
7.01 KECAMATAN,7.01,29.02 Kelurahan Padasuka,7.01.0.00.0.00.29.02,Kelurahan Padasuka,7.01.03 PROGRAM PEMBERDAYAAN MASYARAKAT DESA DAN KELURAHAN,7.01.03.2.02 Kegiatan Pemberdayaan Kelurahan,7.01.03.2.02.02,7.01.03.2.02.02 Pembangunan Sarana dan Prasarana Kelurahan,5.1.02.01.01.0026 Belanja Alat/Bahan untuk Kegiatan Kantor- Bahan Cetak,5.1.02.01.01.0026,1200000,0,0,0,0,0,1050000,0,0,150000,0,0,0,1200000,0,
7.01 KECAMATAN,7.01,29.02 Kelurahan Padasuka,7.01.0.00.0.00.29.02,Kelurahan Padasuka,7.01.03 PROGRAM PEMBERDAYAAN MASYARAKAT DESA DAN KELURAHAN,7.01.03.2.02 Kegiatan Pemberdayaan Kelurahan,7.01.03.2.02.02,7.01.03.2.02.02 Pembangunan Sarana dan Prasarana Kelurahan,5.1.02.01.01.0052 Belanja Makanan dan Minuman Rapat,5.1.02.01.01.0052,12000000,0,0,0,0,3000000,3000000,0,0,3000000,0,3000000,0,12000000,0,
7.01 KECAMATAN,7.01,29.02 Kelurahan Padasuka,7.01.0.00.0.00.29.02,Kelurahan Padasuka,7.01.03 PROGRAM PEMBERDAYAAN MASYARAKAT DESA DAN KELURAHAN,7.01.03.2.02 Kegiatan Pemberdayaan Kelurahan,7.01.03.2.02.02,7.01.03.2.02.02 Pembangunan Sarana dan Prasarana Kelurahan,5.2.04.01.01.0003 Belanja Modal Jalan Kabupaten,5.2.04.01.01.0003,742500000,0,0,0,0,0,742500000,0,0,0,0,0,0,742500000,0,
7.01 KECAMATAN,7.01,29.02 Kelurahan Padasuka,7.01.0.00.0.00.29.02,Kelurahan Padasuka,7.01.03 PROGRAM PEMBERDAYAAN MASYARAKAT DESA DAN KELURAHAN,7.01.03.2.02 Kegiatan Pemberdayaan Kelurahan,7.01.03.2.02.03,7.01.03.2.02.03 Pemberdayaan Masyarakat di Kelurahan,5.1.02.01.01.0024 Belanja Alat/Bahan untuk Kegiatan Kantor-Alat Tulis Kantor,5.1.02.01.01.0024,4013900,0,0,950000,950000,0,0,1056950,0,0,1056950,0,0,4013900,0,
7.01 KECAMATAN,7.01,29.02 Kelurahan Padasuka,7.01.0.00.0.00.29.02,Kelurahan Padasuka,7.01.03 PROGRAM PEMBERDAYAAN MASYARAKAT DESA DAN KELURAHAN,7.01.03.2.02 Kegiatan Pemberdayaan Kelurahan,7.01.03.2.02.03,7.01.03.2.02.03 Pemberdayaan Masyarakat di Kelurahan,5.1.02.01.01.0026 Belanja Alat/Bahan untuk Kegiatan Kantor- Bahan Cetak,5.1.02.01.01.0026,3612500,0,0,400000,1406250,0,0,0,1406250,0,400000,0,0,3612500,0,
7.01 KECAMATAN,7.01,29.02 Kelurahan Padasuka,7.01.0.00.0.00.29.02,Kelurahan Padasuka,7.01.03 PROGRAM PEMBERDAYAAN MASYARAKAT DESA DAN KELURAHAN,7.01.03.2.02 Kegiatan Pemberdayaan Kelurahan,7.01.03.2.02.03,7.01.03.2.02.03 Pemberdayaan Masyarakat di Kelurahan,5.1.02.01.01.0052 Belanja Makanan dan Minuman Rapat,5.1.02.01.01.0052,52400000,0,1400000,9600000,2800000,1200000,9200000,6000000,4000000,2400000,3600000,6000000,6200000,52400000,0,
7.01 KECAMATAN,7.01,29.02 Kelurahan Padasuka,7.01.0.00.0.00.29.02,Kelurahan Padasuka,7.01.03 PROGRAM PEMBERDAYAAN MASYARAKAT DESA DAN KELURAHAN,7.01.03.2.02 Kegiatan Pemberdayaan Kelurahan,7.01.03.2.02.03,7.01.03.2.02.03 Pemberdayaan Masyarakat di Kelurahan,"5.1.02.02.01.0003 Honorarium Narasumber atau Pembahas, Moderator, Pembawa Acara, dan Panitia",5.1.02.02.01.0003,9000000,0,0,0,1800000,0,0,1800000,1800000,0,1800000,1800000,0,9000000,0,
7.01 KECAMATAN,7.01,29.02 Kelurahan Padasuka,7.01.0.00.0.00.29.02,Kelurahan Padasuka,7.01.03 PROGRAM PEMBERDAYAAN MASYARAKAT DESA DAN KELURAHAN,7.01.03.2.02 Kegiatan Pemberdayaan Kelurahan,7.01.03.2.02.03,7.01.03.2.02.03 Pemberdayaan Masyarakat di Kelurahan,5.1.02.02.01.0013 Belanja Jasa Tenaga Pendidikan,5.1.02.02.01.0013,60000000,5000000,5000000,5000000,5000000,5000000,5000000,5000000,5000000,5000000,5000000,5000000,5000000,60000000,0,
7.01 KECAMATAN,7.01,29.02 Kelurahan Padasuka,7.01.0.00.0.00.29.02,Kelurahan Padasuka,7.01.03 PROGRAM PEMBERDAYAAN MASYARAKAT DESA DAN KELURAHAN,7.01.03.2.02 Kegiatan Pemberdayaan Kelurahan,7.01.03.2.02.03,7.01.03.2.02.03 Pemberdayaan Masyarakat di Kelurahan,5.1.02.02.01.0014 Belanja Jasa Tenaga Kesehatan,5.1.02.02.01.0014,283200000,23600000,23600000,23600000,23600000,23600000,23600000,23600000,23600000,23600000,23600000,23600000,23600000,283200000,0,
7.01 KECAMATAN,7.01,29.02 Kelurahan Padasuka,7.01.0.00.0.00.29.02,Kelurahan Padasuka,7.01.03 PROGRAM PEMBERDAYAAN MASYARAKAT DESA DAN KELURAHAN,7.01.03.2.02 Kegiatan Pemberdayaan Kelurahan,7.01.03.2.02.03,7.01.03.2.02.03 Pemberdayaan Masyarakat di Kelurahan,5.1.02.02.01.0026 Belanja Jasa Tenaga Administrasi,5.1.02.02.01.0026,249000000,20750000,20750000,20750000,20750000,20750000,20750000,20750000,20750000,20750000,20750000,20750000,20750000,249000000,0,
7.01 KECAMATAN,7.01,29.02 Kelurahan Padasuka,7.01.0.00.0.00.29.02,Kelurahan Padasuka,7.01.03 PROGRAM PEMBERDAYAAN MASYARAKAT DESA DAN KELURAHAN,7.01.03.2.02 Kegiatan Pemberdayaan Kelurahan,7.01.03.2.02.03,7.01.03.2.02.03 Pemberdayaan Masyarakat di Kelurahan,5.1.02.02.01.0031 Belanja Jasa Tenaga Keamanan,5.1.02.02.01.0031,24000000,2000000,2000000,2000000,2000000,2000000,2000000,2000000,2000000,2000000,2000000,2000000,2000000,24000000,0,
7.01 KECAMATAN,7.01,29.02 Kelurahan Padasuka,7.01.0.00.0.00.29.02,Kelurahan Padasuka,7.01.03 PROGRAM PEMBERDAYAAN MASYARAKAT DESA DAN KELURAHAN,7.01.03.2.02 Kegiatan Pemberdayaan Kelurahan,7.01.03.2.02.03,7.01.03.2.02.03 Pemberdayaan Masyarakat di Kelurahan,5.1.06.03.02.0001 Belanja Bantuan Sosial Barang yang direncanakan kepada Kelompok Masyarakat,5.1.06.03.02.0001,13500000,0,0,0,13500000,0,0,0,0,0,0,0,0,13500000,0,
7.01 KECAMATAN,7.01,29.02 Kelurahan Padasuka,7.01.0.00.0.00.29.02,Kelurahan Padasuka,7.01.03 PROGRAM PEMBERDAYAAN MASYARAKAT DESA DAN KELURAHAN,7.01.03.2.02 Kegiatan Pemberdayaan Kelurahan,7.01.03.2.02.03,7.01.03.2.02.03 Pemberdayaan Masyarakat di Kelurahan,5.2.02.05.02.0007 Belanja Modal Alat Pemadam Kebakaran,5.2.02.05.02.0007,19514880,0,0,0,0,0,0,0,19514880,0,0,0,0,19514880,0,
7.01 KECAMATAN,7.01,29.02 Kelurahan Padasuka,7.01.0.00.0.00.29.02,Kelurahan Padasuka,7.01.03 PROGRAM PEMBERDAYAAN MASYARAKAT DESA DAN KELURAHAN,7.01.03.2.02 Kegiatan Pemberdayaan Kelurahan,7.01.03.2.02.04,7.01.03.2.02.04 Evaluasi Kelurahan,5.1.02.01.01.0024 Belanja Alat/Bahan untuk Kegiatan Kantor-Alat Tulis Kantor,5.1.02.01.01.0024,4454900,0,2203050,0,0,2251850,0,0,0,0,0,0,0,4454900,0,
7.01 KECAMATAN,7.01,29.02 Kelurahan Padasuka,7.01.0.00.0.00.29.02,Kelurahan Padasuka,7.01.03 PROGRAM PEMBERDAYAAN MASYARAKAT DESA DAN KELURAHAN,7.01.03.2.02 Kegiatan Pemberdayaan Kelurahan,7.01.03.2.02.04,7.01.03.2.02.04 Evaluasi Kelurahan,5.1.02.01.01.0026 Belanja Alat/Bahan untuk Kegiatan Kantor- Bahan Cetak,5.1.02.01.01.0026,300000,300000,0,0,0,0,0,0,0,0,0,0,0,300000,0,
7.01 KECAMATAN,7.01,29.02 Kelurahan Padasuka,7.01.0.00.0.00.29.02,Kelurahan Padasuka,7.01.03 PROGRAM PEMBERDAYAAN MASYARAKAT DESA DAN KELURAHAN,7.01.03.2.02 Kegiatan Pemberdayaan Kelurahan,7.01.03.2.02.04,7.01.03.2.02.04 Evaluasi Kelurahan,5.1.02.01.01.0052 Belanja Makanan dan Minuman Rapat,5.1.02.01.01.0052,11000000,2750000,4850000,1400000,1000000,0,0,0,0,0,0,0,1000000,11000000,0,
7.01 KECAMATAN,7.01,29.02 Kelurahan Padasuka,7.01.0.00.0.00.29.02,Kelurahan Padasuka,7.01.03 PROGRAM PEMBERDAYAAN MASYARAKAT DESA DAN KELURAHAN,7.01.03.2.02 Kegiatan Pemberdayaan Kelurahan,7.01.03.2.02.04,7.01.03.2.02.04 Evaluasi Kelurahan,5.1.02.04.01.0003 Belanja Perjalanan Dinas Dalam Kota,5.1.02.04.01.0003,2750000,2750000,0,0,0,0,0,0,0,0,0,0,0,2750000,0,
